Jenis Disabilitas,Kebutuhan Aksesibilitas,No Job Title,Job Title,No Kualifikasi,Level,Deskripsi Kualifikasi
Tunanetra,Screen reader / Voice navigation / Teks besar & kontras tinggi / Alt text,1,Customer Service Representative,1,Entry level,"Lulusan SMA/SMK, mampu menggunakan screen reader (NVDA/JAWS), komunikasi verbal yang jelas, kemauan belajar tinggi."
Tunanetra,Screen reader / Voice navigation / Teks besar & kontras tinggi / Alt text,1,Customer Service Representative,2,Entry level,"Lulusan D3 semua jurusan, pengalaman magang customer service min. 3 bulan, familiar dengan voice-based CRM tools."
Tunanetra,Screen reader / Voice navigation / Teks besar & kontras tinggi / Alt text,1,Customer Service Representative,3,Mid level,"Lulusan S1 semua jurusan, min. 1 tahun pengalaman customer service, mahir mengoperasikan software berbasis keyboard shortcut."
Tunanetra,Screen reader / Voice navigation / Teks besar & kontras tinggi / Alt text,1,Customer Service Representative,4,Mid level,"Lulusan S1 Komunikasi/Psikologi, pengalaman 2 tahun di call center, kemampuan multitasking dengan tools audio."
Tunanetra,Screen reader / Voice navigation / Teks besar & kontras tinggi / Alt text,1,Customer Service Representative,5,Mid level,"Pengalaman 2+ tahun customer service, sertifikasi digital literacy untuk difabel, kemampuan Bahasa Inggris aktif."
Tunanetra,Screen reader / Voice navigation / Teks besar & kontras tinggi / Alt text,1,Customer Service Representative,6,Senior level,"Min. 3 tahun pengalaman, pernah memimpin tim kecil, menguasai CRM berbasis voice (Zendesk, Freshdesk), kemampuan coaching."
Tunanetra,Screen reader / Voice navigation / Teks besar & kontras tinggi / Alt text,1,Customer Service Representative,7,Senior level,"S1/S2 Manajemen, 3+ tahun pengalaman, mampu menyusun SOP aksesibel, pengalaman audit UX untuk pengguna tunanetra."
Tunanetra,Screen reader / Voice navigation / Teks besar & kontras tinggi / Alt text,1,Customer Service Representative,8,Lead / Manajerial,"5+ tahun pengalaman customer service, pernah merancang training aksesibilitas, kemampuan analisis data performa tim."
Tunanetra,Screen reader / Voice navigation / Teks besar & kontras tinggi / Alt text,1,Customer Service Representative,9,Lead / Manajerial,"S2 atau setara, pengalaman manajemen tim 5+ tahun, rekam jejak peningkatan customer satisfaction, fasih membaca laporan audio."
Tunanetra,Screen reader / Voice navigation / Teks besar & kontras tinggi / Alt text,1,Customer Service Representative,10,Lead / Manajerial,"10+ tahun di industri layanan pelanggan, pengalaman konsultasi aksesibilitas digital, kemampuan strategic planning berbasis voice tools."
Tunanetra,Screen reader / Voice navigation / Teks besar & kontras tinggi / Alt text,2,Telemarketer,1,Entry level,"Lulusan SMA/SMK, suara komunikatif, kemampuan menggunakan headset dan software dialer berbasis keyboard."
Tunanetra,Screen reader / Voice navigation / Teks besar & kontras tinggi / Alt text,2,Telemarketer,2,Entry level,"Lulusan D3, pengalaman penjualan informal, familiar dengan script berbasis audio, motivasi target tinggi."
Tunanetra,Screen reader / Voice navigation / Teks besar & kontras tinggi / Alt text,2,Telemarketer,3,Mid level,"S1 semua jurusan, 1+ tahun pengalaman telemarketing, mampu mengoperasikan auto-dialer aksesibel secara mandiri."
Tunanetra,Screen reader / Voice navigation / Teks besar & kontras tinggi / Alt text,2,Telemarketer,4,Mid level,"2 tahun pengalaman telemarketing, track record pencapaian target, mahir menggunakan screen reader untuk navigasi CRM."
Tunanetra,Screen reader / Voice navigation / Teks besar & kontras tinggi / Alt text,2,Telemarketer,5,Mid level,"Pengalaman 2+ tahun B2B telemarketing, kemampuan negosiasi verbal kuat, familiar dengan produk SaaS."
Tunanetra,Screen reader / Voice navigation / Teks besar & kontras tinggi / Alt text,2,Telemarketer,6,Senior level,"3+ tahun telemarketing, kemampuan closing deal tinggi, pernah melatih junior agent, menguasai pitch deck berbasis audio."
Tunanetra,Screen reader / Voice navigation / Teks besar & kontras tinggi / Alt text,2,Telemarketer,7,Senior level,"S1 Marketing/Komunikasi, 4 tahun pengalaman, mampu menganalisis konversi dari laporan audio, pengalaman outbound & inbound."
Tunanetra,Screen reader / Voice navigation / Teks besar & kontras tinggi / Alt text,2,Telemarketer,8,Lead / Manajerial,"5+ tahun, pengalaman team lead, mampu menyusun script penjualan aksesibel, mengelola pipeline berbasis voice dashboard."
Tunanetra,Screen reader / Voice navigation / Teks besar & kontras tinggi / Alt text,2,Telemarketer,9,Lead / Manajerial,"S2 Marketing, 6+ tahun, rekam jejak meningkatkan revenue tim, pengalaman merancang program insentif."
Tunanetra,Screen reader / Voice navigation / Teks besar & kontras tinggi / Alt text,2,Telemarketer,10,Lead / Manajerial,"8+ tahun di industri telemarketing, pengalaman direktur penjualan, kemampuan forecasting berbasis audio reporting."
Tunanetra,Screen reader / Voice navigation / Teks besar & kontras tinggi / Alt text,3,Podcast Producer,1,Entry level,"Lulusan SMA/SMK, hobi audio content, familiar dengan Audacity atau GarageBand berbasis keyboard shortcut."
Tunanetra,Screen reader / Voice navigation / Teks besar & kontras tinggi / Alt text,3,Podcast Producer,2,Entry level,"Lulusan D3 Broadcasting/Komunikasi, pengalaman magang produksi audio, mampu editing dasar dengan screen reader."
Tunanetra,Screen reader / Voice navigation / Teks besar & kontras tinggi / Alt text,3,Podcast Producer,3,Mid level,"S1 Komunikasi/Broadcasting, 1+ tahun produksi podcast, mahir Adobe Audition dengan shortcut, kemampuan scripting."
Tunanetra,Screen reader / Voice navigation / Teks besar & kontras tinggi / Alt text,3,Podcast Producer,4,Mid level,"2 tahun pengalaman podcast production, portfolio 10+ episode, mampu mengelola distribusi ke Spotify/Apple via keyboard."
Tunanetra,Screen reader / Voice navigation / Teks besar & kontras tinggi / Alt text,3,Podcast Producer,5,Mid level,"Pengalaman 2+ tahun, memahami audio SEO, kemampuan mixing & mastering, familiar dengan RSS feed management."
Tunanetra,Screen reader / Voice navigation / Teks besar & kontras tinggi / Alt text,3,Podcast Producer,6,Senior level,"3+ tahun produksi konten audio, pengalaman memimpin project multi-episode, rekam jejak pertumbuhan subscriber."
Tunanetra,Screen reader / Voice navigation / Teks besar & kontras tinggi / Alt text,3,Podcast Producer,7,Senior level,"S1/S2 Broadcasting, 4 tahun, kemampuan story development kuat, pengalaman kolaborasi remote dengan tim kreatif."
Tunanetra,Screen reader / Voice navigation / Teks besar & kontras tinggi / Alt text,3,Podcast Producer,8,Lead / Manajerial,"5+ tahun, pernah meluncurkan brand podcast dari nol, kemampuan monetisasi audio content, manajemen talent."
Tunanetra,Screen reader / Voice navigation / Teks besar & kontras tinggi / Alt text,3,Podcast Producer,9,Lead / Manajerial,"S2 Media/Komunikasi, 6+ tahun, pengalaman executive producer, kemampuan menyusun strategi konten tahunan."
Tunanetra,Screen reader / Voice navigation / Teks besar & kontras tinggi / Alt text,3,Podcast Producer,10,Lead / Manajerial,"8+ tahun industri audio/podcast, rekam jejak podcast top-chart, kemampuan fundraising dan brand partnership."
Tunanetra,Screen reader / Voice navigation / Teks besar & kontras tinggi / Alt text,4,Data Entry Operator,1,Entry level,"Lulusan SMA/SMK, kecepatan mengetik min. 40 WPM dengan keyboard, familiar dengan screen reader untuk navigasi form."
Tunanetra,Screen reader / Voice navigation / Teks besar & kontras tinggi / Alt text,4,Data Entry Operator,2,Entry level,"Lulusan D3, kemampuan mengetik 50+ WPM, teliti, familiar dengan Google Sheets atau Excel berbasis keyboard."
Tunanetra,Screen reader / Voice navigation / Teks besar & kontras tinggi / Alt text,4,Data Entry Operator,3,Mid level,"S1 semua jurusan, 1+ tahun data entry, akurasi 98%+, mahir navigasi database dengan NVDA/JAWS."
Tunanetra,Screen reader / Voice navigation / Teks besar & kontras tinggi / Alt text,4,Data Entry Operator,4,Mid level,"2 tahun pengalaman, familiar dengan ERP system yang aksesibel, kemampuan validasi data sederhana."
Tunanetra,Screen reader / Voice navigation / Teks besar & kontras tinggi / Alt text,4,Data Entry Operator,5,Mid level,"Pengalaman 2+ tahun, kemampuan batch processing data, familiar dengan script otomasi sederhana (macro keyboard)."
Tunanetra,Screen reader / Voice navigation / Teks besar & kontras tinggi / Alt text,4,Data Entry Operator,6,Senior level,"3+ tahun, kemampuan supervisi tim data entry, merancang template aksesibel, kualitas kontrol data."
Tunanetra,Screen reader / Voice navigation / Teks besar & kontras tinggi / Alt text,4,Data Entry Operator,7,Senior level,"S1 Statistik/Informatika, 4+ tahun, kemampuan analisis konsistensi data, pengelolaan database besar."
Tunanetra,Screen reader / Voice navigation / Teks besar & kontras tinggi / Alt text,4,Data Entry Operator,8,Lead / Manajerial,"5+ tahun data management, pengalaman merancang SOP validasi data aksesibel, memimpin tim 5+ orang."
Tunanetra,Screen reader / Voice navigation / Teks besar & kontras tinggi / Alt text,4,Data Entry Operator,9,Lead / Manajerial,"S2 Informasi/Manajemen, 6+ tahun, kemampuan audit data quality, pengalaman implementasi sistem data aksesibel."
Tunanetra,Screen reader / Voice navigation / Teks besar & kontras tinggi / Alt text,4,Data Entry Operator,10,Lead / Manajerial,"8+ tahun, pengalaman kepala departemen data, strategi transformasi data digital, vendor management."
Tunanetra,Screen reader / Voice navigation / Teks besar & kontras tinggi / Alt text,5,Transcriptionist,1,Entry level,"Lulusan SMA/SMK, kemampuan mendengar dan mengetik akurat, familiar dengan pemutar audio berbasis keyboard."
Tunanetra,Screen reader / Voice navigation / Teks besar & kontras tinggi / Alt text,5,Transcriptionist,2,Entry level,"Lulusan D3, kecepatan transkripsi 60+ WPM, familiar dengan ExpressScribe atau sejenisnya, Bahasa Indonesia/Inggris baik."
Tunanetra,Screen reader / Voice navigation / Teks besar & kontras tinggi / Alt text,5,Transcriptionist,3,Mid level,"S1 semua jurusan, 1+ tahun pengalaman transkripsi, kemampuan transkripsi medis atau legal nilai plus."
Tunanetra,Screen reader / Voice navigation / Teks besar & kontras tinggi / Alt text,5,Transcriptionist,4,Mid level,"2 tahun pengalaman, familiar dengan tanda baca profesional, kemampuan transkripsi verbatim dan clean-version."
Tunanetra,Screen reader / Voice navigation / Teks besar & kontras tinggi / Alt text,5,Transcriptionist,5,Mid level,"Pengalaman 2+ tahun, kemampuan transkripsi multibahasa, familiar dengan tools timestamps dan speaker labeling."
Tunanetra,Screen reader / Voice navigation / Teks besar & kontras tinggi / Alt text,5,Transcriptionist,6,Senior level,"3+ tahun, kemampuan proofreading transkripsi orang lain, pernah mengelola proyek transkripsi volume tinggi."
Tunanetra,Screen reader / Voice navigation / Teks besar & kontras tinggi / Alt text,5,Transcriptionist,7,Senior level,"S1 Bahasa/Sastra, 4+ tahun, kemampuan transkripsi konten spesialis (hukum, medis, teknis), akurasi 99%+."
Tunanetra,Screen reader / Voice navigation / Teks besar & kontras tinggi / Alt text,5,Transcriptionist,8,Lead / Manajerial,"5+ tahun, pengalaman QC transcription, mampu melatih tim transcriptionist, pengelolaan deadline ketat."
Tunanetra,Screen reader / Voice navigation / Teks besar & kontras tinggi / Alt text,5,Transcriptionist,9,Lead / Manajerial,"S2 Linguistik, 6+ tahun, pengalaman membangun tim transkripsi, implementasi standar kualitas transkripsi perusahaan."
Tunanetra,Screen reader / Voice navigation / Teks besar & kontras tinggi / Alt text,5,Transcriptionist,10,Lead / Manajerial,"8+ tahun, pengalaman direktur layanan transkripsi, kemampuan negosiasi kontrak klien, strategi skalabilitas layanan."
Tunarungu,Subtitle/caption / Chat communication / Visual notification / Bahasa isyarat,6,Graphic Designer,1,Entry level,"Lulusan SMK Desain atau D3 DKV, menguasai Adobe Illustrator & Photoshop, memiliki portofolio dasar."
Tunarungu,Subtitle/caption / Chat communication / Visual notification / Bahasa isyarat,6,Graphic Designer,2,Entry level,"Lulusan S1 DKV/Seni Rupa, kemampuan desain brand identity, familiar dengan Figma, komunikasi via teks lancar."
Tunarungu,Subtitle/caption / Chat communication / Visual notification / Bahasa isyarat,6,Graphic Designer,3,Mid level,"S1 DKV, 1-2 tahun pengalaman, mahir motion graphic sederhana, kemampuan bekerja mandiri dari brief tertulis."
Tunarungu,Subtitle/caption / Chat communication / Visual notification / Bahasa isyarat,6,Graphic Designer,4,Mid level,"2 tahun pengalaman desainer, portfolio beragam klien, kemampuan UI/UX dasar, mahir Canva Pro dan Adobe Suite."
Tunarungu,Subtitle/caption / Chat communication / Visual notification / Bahasa isyarat,6,Graphic Designer,5,Mid level,"Pengalaman 2+ tahun, familiar dengan brief via dokumen tertulis, kemampuan typografi dan layout editorial."
Tunarungu,Subtitle/caption / Chat communication / Visual notification / Bahasa isyarat,6,Graphic Designer,6,Senior level,"3+ tahun desainer profesional, pernah memimpin visual branding project, kemampuan art direction dari referensi tertulis."
Tunarungu,Subtitle/caption / Chat communication / Visual notification / Bahasa isyarat,6,Graphic Designer,7,Senior level,"S1/S2 DKV, 4+ tahun, portfolio brand besar, kemampuan mereview desain tim, komunikasi proyek via text tools."
Tunarungu,Subtitle/caption / Chat communication / Visual notification / Bahasa isyarat,6,Graphic Designer,8,Lead / Manajerial,"5+ tahun, pengalaman creative director, mampu menyusun brand guideline, kolaborasi via Slack/email intensif."
Tunarungu,Subtitle/caption / Chat communication / Visual notification / Bahasa isyarat,6,Graphic Designer,9,Lead / Manajerial,"S2 Desain, 6+ tahun, pengalaman memimpin tim kreatif 5+ orang, rekam jejak kampanye visual berhasil."
Tunarungu,Subtitle/caption / Chat communication / Visual notification / Bahasa isyarat,6,Graphic Designer,10,Lead / Manajerial,"8+ tahun industri kreatif, pengalaman kepala desain korporat, kemampuan pitch visual via presentasi tertulis."
Tunarungu,Subtitle/caption / Chat communication / Visual notification / Bahasa isyarat,7,Software Developer,1,Entry level,"Lulusan S1 Teknik Informatika/Ilmu Komputer, mampu coding Python/JavaScript, familiar dengan GitHub, komunikasi async."
Tunarungu,Subtitle/caption / Chat communication / Visual notification / Bahasa isyarat,7,Software Developer,2,Entry level,"Bootcamp graduate, portfolio 2-3 project, kemampuan debugging mandiri, aktif di komunitas developer online (forum/text)."
Tunarungu,Subtitle/caption / Chat communication / Visual notification / Bahasa isyarat,7,Software Developer,3,Mid level,"S1 Informatika, 1-2 tahun pengalaman, mahir React/Node.js, terbiasa code review via pull request dan komentar teks."
Tunarungu,Subtitle/caption / Chat communication / Visual notification / Bahasa isyarat,7,Software Developer,4,Mid level,"2 tahun pengalaman dev, familiar dengan Agile/Scrum via tools teks (Jira, Trello), kemampuan unit testing."
Tunarungu,Subtitle/caption / Chat communication / Visual notification / Bahasa isyarat,7,Software Developer,5,Mid level,"Pengalaman 2+ tahun, stack fullstack, kemampuan mendokumentasikan kode dengan baik, kolaborasi async via Git."
Tunarungu,Subtitle/caption / Chat communication / Visual notification / Bahasa isyarat,7,Software Developer,6,Senior level,"3+ tahun, pengalaman arsitektur sistem, kemampuan code review, mentoring junior via komentar tertulis detail."
Tunarungu,Subtitle/caption / Chat communication / Visual notification / Bahasa isyarat,7,Software Developer,7,Senior level,"S1/S2 Informatika, 4+ tahun, pengalaman microservices, familiar DevOps, kemampuan teknis dokumentasi tinggi."
Tunarungu,Subtitle/caption / Chat communication / Visual notification / Bahasa isyarat,7,Software Developer,8,Lead / Manajerial,"5+ tahun, pengalaman tech lead, mampu menyusun roadmap teknis, berkoordinasi dengan stakeholder via dokumen tertulis."
Tunarungu,Subtitle/caption / Chat communication / Visual notification / Bahasa isyarat,7,Software Developer,9,Lead / Manajerial,"S2 Computer Science, 6+ tahun, pengalaman engineering manager, rekam jejak deliver produk skala besar."
Tunarungu,Subtitle/caption / Chat communication / Visual notification / Bahasa isyarat,7,Software Developer,10,Lead / Manajerial,"8+ tahun, pengalaman CTO atau VP Engineering, kemampuan strategi teknis jangka panjang, budaya kerja inklusif."
Tunarungu,Subtitle/caption / Chat communication / Visual notification / Bahasa isyarat,8,Video Editor,1,Entry level,"Lulusan SMK/D3 Multimedia, mampu editing dasar di Premiere Pro, kemampuan menambah subtitle/caption otomatis."
Tunarungu,Subtitle/caption / Chat communication / Visual notification / Bahasa isyarat,8,Video Editor,2,Entry level,"Lulusan S1 Broadcasting/Komunikasi, portofolio 5+ video, menguasai color grading dasar, familiar workflow berbasis teks."
Tunarungu,Subtitle/caption / Chat communication / Visual notification / Bahasa isyarat,8,Video Editor,3,Mid level,"S1 Multimedia, 1-2 tahun pengalaman, mahir After Effects untuk motion graphic, peka terhadap aksesibilitas caption."
Tunarungu,Subtitle/caption / Chat communication / Visual notification / Bahasa isyarat,8,Video Editor,4,Mid level,"2 tahun pengalaman editor profesional, familiar dengan brief tertulis, kemampuan sound design visual (tanpa bergantung audio)."
Tunarungu,Subtitle/caption / Chat communication / Visual notification / Bahasa isyarat,8,Video Editor,5,Mid level,"Pengalaman 2+ tahun, mampu mengelola project multi-platform, menguasai DaVinci Resolve, rekam jejak konten viral."
Tunarungu,Subtitle/caption / Chat communication / Visual notification / Bahasa isyarat,8,Video Editor,6,Senior level,"3+ tahun, pernah memimpin tim post-production, kemampuan storytelling visual kuat, review via notes tertulis."
Tunarungu,Subtitle/caption / Chat communication / Visual notification / Bahasa isyarat,8,Video Editor,7,Senior level,"S1/S2 Film/Broadcasting, 4+ tahun, kemampuan supervisi workflow editing, pengalaman konten panjang (dokumenter)."
Tunarungu,Subtitle/caption / Chat communication / Visual notification / Bahasa isyarat,8,Video Editor,8,Lead / Manajerial,"5+ tahun, pengalaman head of post-production, standarisasi workflow aksesibel, manajemen deliverable via project tools."
Tunarungu,Subtitle/caption / Chat communication / Visual notification / Bahasa isyarat,8,Video Editor,9,Lead / Manajerial,"S2 Film, 6+ tahun, rekam jejak produksi konten skala nasional, kemampuan menyusun anggaran produksi tertulis."
Tunarungu,Subtitle/caption / Chat communication / Visual notification / Bahasa isyarat,8,Video Editor,10,Lead / Manajerial,"8+ tahun industri media, pengalaman executive post-production, strategi distribusi konten multikanal."
Tunarungu,Subtitle/caption / Chat communication / Visual notification / Bahasa isyarat,9,Content Writer,1,Entry level,"Lulusan SMA/SMK, kemampuan menulis artikel rapi, familiar dengan Google Docs, passion di dunia konten digital."
Tunarungu,Subtitle/caption / Chat communication / Visual notification / Bahasa isyarat,9,Content Writer,2,Entry level,"Lulusan D3/S1 semua jurusan, portofolio 5+ artikel, kemampuan riset online, menulis SEO-friendly content dasar."
Tunarungu,Subtitle/caption / Chat communication / Visual notification / Bahasa isyarat,9,Content Writer,3,Mid level,"S1 Bahasa/Komunikasi/Jurnalistik, 1-2 tahun pengalaman, kemampuan content calendar planning, familiar CMS WordPress."
Tunarungu,Subtitle/caption / Chat communication / Visual notification / Bahasa isyarat,9,Content Writer,4,Mid level,"2 tahun pengalaman writer, rekam jejak artikel viral, kemampuan copywriting dan storytelling, terbiasa kerja remote async."
Tunarungu,Subtitle/caption / Chat communication / Visual notification / Bahasa isyarat,9,Content Writer,5,Mid level,"Pengalaman 2+ tahun, kemampuan menulis berbagai format (blog, whitepaper, email blast), familiar dengan SEO tools."
Tunarungu,Subtitle/caption / Chat communication / Visual notification / Bahasa isyarat,9,Content Writer,6,Senior level,"3+ tahun, kemampuan editorial strategy, pernah mengelola content pipeline 10+ artikel/bulan, kemampuan proofreading."
Tunarungu,Subtitle/caption / Chat communication / Visual notification / Bahasa isyarat,9,Content Writer,7,Senior level,"S1/S2 Jurnalistik/Komunikasi, 4+ tahun, pengalaman brand voice development, kemampuan briefing tim penulis via teks."
Tunarungu,Subtitle/caption / Chat communication / Visual notification / Bahasa isyarat,9,Content Writer,8,Lead / Manajerial,"5+ tahun, pengalaman editor-in-chief, mampu menyusun content strategy tahunan, manajemen tim penulis via tools async."
Tunarungu,Subtitle/caption / Chat communication / Visual notification / Bahasa isyarat,9,Content Writer,9,Lead / Manajerial,"S2 Komunikasi, 6+ tahun, rekam jejak pertumbuhan traffic organik, pengalaman publikasi editorial skala besar."
Tunarungu,Subtitle/caption / Chat communication / Visual notification / Bahasa isyarat,9,Content Writer,10,Lead / Manajerial,"8+ tahun, pengalaman chief content officer, strategi konten omnichannel, kemampuan brand positioning via konten."
Tunarungu,Subtitle/caption / Chat communication / Visual notification / Bahasa isyarat,10,Illustrator,1,Entry level,"Lulusan SMK Seni/D3 DKV, portofolio ilustrasi digital dasar, menguasai Procreate atau Illustrator, responsif via chat."
Tunarungu,Subtitle/caption / Chat communication / Visual notification / Bahasa isyarat,10,Illustrator,2,Entry level,"Lulusan S1 Seni Rupa/DKV, gaya ilustrasi khas yang teridentifikasi, kemampuan mengikuti art direction via brief tertulis."
Tunarungu,Subtitle/caption / Chat communication / Visual notification / Bahasa isyarat,10,Illustrator,3,Mid level,"S1 DKV, 1-2 tahun pengalaman, mahir ilustrasi karakter dan environment, familiar dengan workflow revisi via dokumen."
Tunarungu,Subtitle/caption / Chat communication / Visual notification / Bahasa isyarat,10,Illustrator,4,Mid level,"2 tahun pengalaman ilustrator freelance/studio, rekam jejak proyek buku/editorial, kemampuan menerima feedback tertulis."
Tunarungu,Subtitle/caption / Chat communication / Visual notification / Bahasa isyarat,10,Illustrator,5,Mid level,"Pengalaman 2+ tahun, kemampuan berbagai gaya (flat, editorial, realis), terbiasa deadline ketat, kolaborasi async."
Tunarungu,Subtitle/caption / Chat communication / Visual notification / Bahasa isyarat,10,Illustrator,6,Senior level,"3+ tahun, pengalaman ilustrasi buku anak/komersial, kemampuan art direction visual, komunikasi klien via teks efektif."
Tunarungu,Subtitle/caption / Chat communication / Visual notification / Bahasa isyarat,10,Illustrator,7,Senior level,"S1/S2 Seni Rupa, 4+ tahun, portfolio publikasi nasional/internasional, kemampuan memimpin visual project."
Tunarungu,Subtitle/caption / Chat communication / Visual notification / Bahasa isyarat,10,Illustrator,8,Lead / Manajerial,"5+ tahun, pengalaman art director illustrasi, mampu briefing tim via dokumen terstruktur, rekam jejak IP visual."
Tunarungu,Subtitle/caption / Chat communication / Visual notification / Bahasa isyarat,10,Illustrator,9,Lead / Manajerial,"S2 Seni/Desain, 6+ tahun, pengalaman creative lead studio, kemampuan menyusun visual identity berbasis ilustrasi."
Tunarungu,Subtitle/caption / Chat communication / Visual notification / Bahasa isyarat,10,Illustrator,10,Lead / Manajerial,"8+ tahun, pengalaman kepala studio ilustrasi, kemampuan bisnis seni, strategi monetisasi karya ilustrasi."
Tunawicara,Chat/text input / Tombol komunikasi cepat / Speech-to-text / Text-to-speech,11,Data Analyst,1,Entry level,"Lulusan S1 Statistik/Matematika, kemampuan Excel & SQL dasar, familiar dengan komunikasi via laporan tertulis."
Tunawicara,Chat/text input / Tombol komunikasi cepat / Speech-to-text / Text-to-speech,11,Data Analyst,2,Entry level,"Lulusan D3/S1 semua jurusan, familiar dengan Python pandas, kemampuan visualisasi data dasar, teliti dan sistematis."
Tunawicara,Chat/text input / Tombol komunikasi cepat / Speech-to-text / Text-to-speech,11,Data Analyst,3,Mid level,"S1 Statistik/Informatika, 1-2 tahun pengalaman, mahir SQL & Tableau, terbiasa menyampaikan insight via dashboard."
Tunawicara,Chat/text input / Tombol komunikasi cepat / Speech-to-text / Text-to-speech,11,Data Analyst,4,Mid level,"2 tahun pengalaman analyst, portfolio analisis bisnis, kemampuan data storytelling via visual, familiar R atau Python."
Tunawicara,Chat/text input / Tombol komunikasi cepat / Speech-to-text / Text-to-speech,11,Data Analyst,5,Mid level,"Pengalaman 2+ tahun, kemampuan AB testing, familiar dengan Google Analytics, komunikasi hasil analisis via laporan."
Tunawicara,Chat/text input / Tombol komunikasi cepat / Speech-to-text / Text-to-speech,11,Data Analyst,6,Senior level,"3+ tahun, pengalaman menganalisis dataset besar, kemampuan menyusun laporan eksekutif tertulis, mentoring via dokumen."
Tunawicara,Chat/text input / Tombol komunikasi cepat / Speech-to-text / Text-to-speech,11,Data Analyst,7,Senior level,"S1/S2 Statistik, 4+ tahun, pengalaman predictive modeling, mampu translasi data ke insight bisnis via presentasi tertulis."
Tunawicara,Chat/text input / Tombol komunikasi cepat / Speech-to-text / Text-to-speech,11,Data Analyst,8,Lead / Manajerial,"5+ tahun, pengalaman lead analyst, mampu membangun data pipeline, koordinasi lintas tim via text tools."
Tunawicara,Chat/text input / Tombol komunikasi cepat / Speech-to-text / Text-to-speech,11,Data Analyst,9,Lead / Manajerial,"S2 Data Science, 6+ tahun, rekam jejak implementasi analytics platform, kemampuan menyusun roadmap data strategy."
Tunawicara,Chat/text input / Tombol komunikasi cepat / Speech-to-text / Text-to-speech,11,Data Analyst,10,Lead / Manajerial,"8+ tahun, pengalaman Chief Data Officer, strategi data governance, pengembangan tim analis via dokumentasi terstruktur."
Tunawicara,Chat/text input / Tombol komunikasi cepat / Speech-to-text / Text-to-speech,12,UI/UX Designer,1,Entry level,"Lulusan S1 DKV/Desain Produk, menguasai Figma dasar, familiar dengan prinsip UX, komunikasi desain via anotasi."
Tunawicara,Chat/text input / Tombol komunikasi cepat / Speech-to-text / Text-to-speech,12,UI/UX Designer,2,Entry level,"Bootcamp UX graduate, portofolio 2 case study, kemampuan wireframing, terbiasa feedback via komentar Figma."
Tunawicara,Chat/text input / Tombol komunikasi cepat / Speech-to-text / Text-to-speech,12,UI/UX Designer,3,Mid level,"S1 Desain, 1-2 tahun pengalaman, mahir prototyping interaktif di Figma, pengalaman user research via survei tertulis."
Tunawicara,Chat/text input / Tombol komunikasi cepat / Speech-to-text / Text-to-speech,12,UI/UX Designer,4,Mid level,"2 tahun pengalaman UX, familiar Agile design sprint, kemampuan membuat design system, kolaborasi via dokumen."
Tunawicara,Chat/text input / Tombol komunikasi cepat / Speech-to-text / Text-to-speech,12,UI/UX Designer,5,Mid level,"Pengalaman 2+ tahun, kemampuan accessibility design (termasuk untuk disabilitas), familiar usability testing remote."
Tunawicara,Chat/text input / Tombol komunikasi cepat / Speech-to-text / Text-to-speech,12,UI/UX Designer,6,Senior level,"3+ tahun, pengalaman merancang produk end-to-end, kemampuan UX writing, koordinasi dengan developer via komentar tertulis."
Tunawicara,Chat/text input / Tombol komunikasi cepat / Speech-to-text / Text-to-speech,12,UI/UX Designer,7,Senior level,"S1/S2 Desain, 4+ tahun, pengalaman design system scale besar, mampu mereview desain tim via Figma comment."
Tunawicara,Chat/text input / Tombol komunikasi cepat / Speech-to-text / Text-to-speech,12,UI/UX Designer,8,Lead / Manajerial,"5+ tahun, pengalaman head of design, mampu menyusun design strategy, kolaborasi C-level via dokumen tertulis."
Tunawicara,Chat/text input / Tombol komunikasi cepat / Speech-to-text / Text-to-speech,12,UI/UX Designer,9,Lead / Manajerial,"S2 HCI/Desain, 6+ tahun, pengalaman product design director, rekam jejak meningkatkan conversion/retention produk."
Tunawicara,Chat/text input / Tombol komunikasi cepat / Speech-to-text / Text-to-speech,12,UI/UX Designer,10,Lead / Manajerial,"8+ tahun, pengalaman Chief Design Officer, kemampuan menyusun design culture perusahaan, inklusivitas desain."
Tunawicara,Chat/text input / Tombol komunikasi cepat / Speech-to-text / Text-to-speech,13,Bookkeeper,1,Entry level,"Lulusan SMK Akuntansi/D3 Akuntansi, familiar dengan pembukuan manual dan digital, kemampuan komunikasi via email."
Tunawicara,Chat/text input / Tombol komunikasi cepat / Speech-to-text / Text-to-speech,13,Bookkeeper,2,Entry level,"Lulusan S1 Akuntansi, kemampuan mengoperasikan software akuntansi (Accurate/Jurnal), teliti dan cermat dalam angka."
Tunawicara,Chat/text input / Tombol komunikasi cepat / Speech-to-text / Text-to-speech,13,Bookkeeper,3,Mid level,"S1 Akuntansi, 1-2 tahun pengalaman, mahir rekonsiliasi bank, kemampuan laporan keuangan bulanan via dokumen."
Tunawicara,Chat/text input / Tombol komunikasi cepat / Speech-to-text / Text-to-speech,13,Bookkeeper,4,Mid level,"2 tahun pengalaman, familiar dengan pajak dasar PPh/PPN, kemampuan audit internal sederhana, komunikasi via chat."
Tunawicara,Chat/text input / Tombol komunikasi cepat / Speech-to-text / Text-to-speech,13,Bookkeeper,5,Mid level,"Pengalaman 2+ tahun, kemampuan multi-entity bookkeeping, familiar cloud accounting, terbiasa kerja remote."
Tunawicara,Chat/text input / Tombol komunikasi cepat / Speech-to-text / Text-to-speech,13,Bookkeeper,6,Senior level,"3+ tahun, pengalaman laporan konsolidasi, kemampuan review buku junior, koordinasi auditor via dokumen."
Tunawicara,Chat/text input / Tombol komunikasi cepat / Speech-to-text / Text-to-speech,13,Bookkeeper,7,Senior level,"S1 Akuntansi + sertifikasi (BKP/Brevet A/B), 4+ tahun, pengalaman laporan keuangan standar PSAK, manajemen tim."
Tunawicara,Chat/text input / Tombol komunikasi cepat / Speech-to-text / Text-to-speech,13,Bookkeeper,8,Lead / Manajerial,"5+ tahun, pengalaman finance controller, mampu menyusun SOP pembukuan, implementasi sistem akuntansi baru."
Tunawicara,Chat/text input / Tombol komunikasi cepat / Speech-to-text / Text-to-speech,13,Bookkeeper,9,Lead / Manajerial,"S2 Akuntansi/MBA, 6+ tahun, rekam jejak audit bersih berulang, pengalaman CFO startup atau UMKM menengah."
Tunawicara,Chat/text input / Tombol komunikasi cepat / Speech-to-text / Text-to-speech,13,Bookkeeper,10,Lead / Manajerial,"8+ tahun, pengalaman Director of Finance, strategi keuangan jangka panjang, familiar dengan IFRS dan PSAK."
Tunawicara,Chat/text input / Tombol komunikasi cepat / Speech-to-text / Text-to-speech,14,Social Media Manager,1,Entry level,"Lulusan SMA/D3, aktif di media sosial, kemampuan membuat konten teks & visual dasar, familiar dengan Meta Business Suite."
Tunawicara,Chat/text input / Tombol komunikasi cepat / Speech-to-text / Text-to-speech,14,Social Media Manager,2,Entry level,"Lulusan S1 Komunikasi, 3+ bulan magang social media, kemampuan copywriting singkat, terbiasa komunikasi via DM & komentar."
Tunawicara,Chat/text input / Tombol komunikasi cepat / Speech-to-text / Text-to-speech,14,Social Media Manager,3,Mid level,"S1 Komunikasi/Marketing, 1-2 tahun pengalaman, mampu menyusun content calendar, familiar dengan analytics tools sosmed."
Tunawicara,Chat/text input / Tombol komunikasi cepat / Speech-to-text / Text-to-speech,14,Social Media Manager,4,Mid level,"2 tahun pengalaman, rekam jejak pertumbuhan follower organik, kemampuan community management via teks, familiar paid ads."
Tunawicara,Chat/text input / Tombol komunikasi cepat / Speech-to-text / Text-to-speech,14,Social Media Manager,5,Mid level,"Pengalaman 2+ tahun, mampu mengelola multi-platform, kemampuan social listening, komunikasi brand via konten teks kuat."
Tunawicara,Chat/text input / Tombol komunikasi cepat / Speech-to-text / Text-to-speech,14,Social Media Manager,6,Senior level,"3+ tahun, pengalaman brand voice development, kemampuan crisis management via teks, koordinasi konten creator."
Tunawicara,Chat/text input / Tombol komunikasi cepat / Speech-to-text / Text-to-speech,14,Social Media Manager,7,Senior level,"S1/S2 Marketing, 4+ tahun, pengalaman influencer campaign, kemampuan laporan ROI sosmed, supervisi tim konten."
Tunawicara,Chat/text input / Tombol komunikasi cepat / Speech-to-text / Text-to-speech,14,Social Media Manager,8,Lead / Manajerial,"5+ tahun, pengalaman head of social media, mampu menyusun strategi sosmed tahunan, budgeting kampanye digital."
Tunawicara,Chat/text input / Tombol komunikasi cepat / Speech-to-text / Text-to-speech,14,Social Media Manager,9,Lead / Manajerial,"S2 Marketing/Komunikasi, 6+ tahun, rekam jejak viral campaign, pengalaman kolaborasi lintas departemen via chat tools."
Tunawicara,Chat/text input / Tombol komunikasi cepat / Speech-to-text / Text-to-speech,14,Social Media Manager,10,Lead / Manajerial,"8+ tahun, pengalaman Chief Marketing Officer (digital), strategi omnichannel, membangun tim pemasaran digital dari nol."
Tunawicara,Chat/text input / Tombol komunikasi cepat / Speech-to-text / Text-to-speech,15,Researcher,1,Entry level,"Lulusan S1 semua jurusan, kemampuan riset literatur, familiar dengan Google Scholar, kemampuan menulis laporan tertulis rapi."
Tunawicara,Chat/text input / Tombol komunikasi cepat / Speech-to-text / Text-to-speech,15,Researcher,2,Entry level,"Lulusan S1, pengalaman riset tugas akhir/skripsi, kemampuan analisis kualitatif sederhana, terbiasa komunikasi via email."
Tunawicara,Chat/text input / Tombol komunikasi cepat / Speech-to-text / Text-to-speech,15,Researcher,3,Mid level,"S1/S2 semua jurusan, 1-2 tahun pengalaman riset, kemampuan metodologi kuantitatif & kualitatif, familiar SPSS/NVivo."
Tunawicara,Chat/text input / Tombol komunikasi cepat / Speech-to-text / Text-to-speech,15,Researcher,4,Mid level,"2 tahun pengalaman, pernah mempublikasikan paper atau laporan riset, kemampuan data collection remote via survei digital."
Tunawicara,Chat/text input / Tombol komunikasi cepat / Speech-to-text / Text-to-speech,15,Researcher,5,Mid level,"Pengalaman 2+ tahun, kemampuan systematic review, familiar dengan referensi manager (Mendeley/Zotero), analisis mendalam."
Tunawicara,Chat/text input / Tombol komunikasi cepat / Speech-to-text / Text-to-speech,15,Researcher,6,Senior level,"3+ tahun, pengalaman lead researcher, kemampuan menyusun proposal riset, koordinasi tim via dokumen dan email."
Tunawicara,Chat/text input / Tombol komunikasi cepat / Speech-to-text / Text-to-speech,15,Researcher,7,Senior level,"S2/S3 semua bidang, 4+ tahun, publikasi di jurnal terindeks, kemampuan mentoring tim riset junior."
Tunawicara,Chat/text input / Tombol komunikasi cepat / Speech-to-text / Text-to-speech,15,Researcher,8,Lead / Manajerial,"5+ tahun, pengalaman research manager, mampu menyusun agenda riset organisasi, kolaborasi lintas lembaga via teks."
Tunawicara,Chat/text input / Tombol komunikasi cepat / Speech-to-text / Text-to-speech,15,Researcher,9,Lead / Manajerial,"S3 + postdoc, 6+ tahun, rekam jejak grant acquisition, pengalaman kepala laboratorium riset atau pusat studi."
Tunawicara,Chat/text input / Tombol komunikasi cepat / Speech-to-text / Text-to-speech,15,Researcher,10,Lead / Manajerial,"8+ tahun, pengalaman direktur riset, kemampuan menyusun kebijakan berbasis bukti, komunikasi publik via laporan tertulis."
Daksa Tangan,Voice command / Tombol besar / Shortcut keyboard / Minimal drag-and-drop,16,Voice-over Artist,1,Entry level,"Lulusan SMA/SMK, suara bersih dan komunikatif, kemampuan merekam audio dengan mikrofon dasar dan voice control."
Daksa Tangan,Voice command / Tombol besar / Shortcut keyboard / Minimal drag-and-drop,16,Voice-over Artist,2,Entry level,"Lulusan D3 Broadcasting, pengalaman dubbing informal, kemampuan modulasi suara, familiar software rekam berbasis voice."
Daksa Tangan,Voice command / Tombol besar / Shortcut keyboard / Minimal drag-and-drop,16,Voice-over Artist,3,Mid level,"S1 Broadcasting/Seni Peran, 1-2 tahun pengalaman VO profesional, portofolio beragam, kemampuan emote via suara."
Daksa Tangan,Voice command / Tombol besar / Shortcut keyboard / Minimal drag-and-drop,16,Voice-over Artist,4,Mid level,"2 tahun pengalaman, rekam jejak iklan radio/podcast, kemampuan cold read, studio home setup minimal hand-use."
Daksa Tangan,Voice command / Tombol besar / Shortcut keyboard / Minimal drag-and-drop,16,Voice-over Artist,5,Mid level,"Pengalaman 2+ tahun, kemampuan berbagai karakter suara, familiar teknik mic dan akustik ruangan, pengiriman file via voice tools."
Daksa Tangan,Voice command / Tombol besar / Shortcut keyboard / Minimal drag-and-drop,16,Voice-over Artist,6,Senior level,"3+ tahun VO profesional, rekam jejak brand besar, kemampuan self-directing, manajemen proyek via voice command."
Daksa Tangan,Voice command / Tombol besar / Shortcut keyboard / Minimal drag-and-drop,16,Voice-over Artist,7,Senior level,"S1/S2 Seni Peran, 4+ tahun, kemampuan bilingual VO (Indonesia-Inggris), pengalaman VO animasi/game."
Daksa Tangan,Voice command / Tombol besar / Shortcut keyboard / Minimal drag-and-drop,16,Voice-over Artist,8,Lead / Manajerial,"5+ tahun, pengalaman voice director, kemampuan casting talent VO, koordinasi produksi via voice/audio tools."
Daksa Tangan,Voice command / Tombol besar / Shortcut keyboard / Minimal drag-and-drop,16,Voice-over Artist,9,Lead / Manajerial,"S2 Seni, 6+ tahun, rekam jejak waralaba media terkenal, kemampuan menyusun standar kualitas VO perusahaan."
Daksa Tangan,Voice command / Tombol besar / Shortcut keyboard / Minimal drag-and-drop,16,Voice-over Artist,10,Lead / Manajerial,"8+ tahun, pengalaman kepala studio VO, kemampuan pengembangan bisnis, rekam jejak proyek internasional."
Daksa Tangan,Voice command / Tombol besar / Shortcut keyboard / Minimal drag-and-drop,17,Online Tutor,1,Entry level,"Lulusan S1 semua jurusan (sesuai mata pelajaran), kemampuan mengajar via video call, familiar platform LMS berbasis voice."
Daksa Tangan,Voice command / Tombol besar / Shortcut keyboard / Minimal drag-and-drop,17,Online Tutor,2,Entry level,"Mahasiswa/fresh graduate, pengalaman mengajar informal, kemampuan komunikasi verbal jelas, familiar Zoom/Google Meet."
Daksa Tangan,Voice command / Tombol besar / Shortcut keyboard / Minimal drag-and-drop,17,Online Tutor,3,Mid level,"S1 Pendidikan atau bidang keahlian, 1-2 tahun pengalaman tutoring, kemampuan membuat modul ajar tertulis sederhana."
Daksa Tangan,Voice command / Tombol besar / Shortcut keyboard / Minimal drag-and-drop,17,Online Tutor,4,Mid level,"2 tahun pengalaman tutor online, rekam jejak peningkatan nilai siswa, kemampuan diferensiasi pembelajaran."
Daksa Tangan,Voice command / Tombol besar / Shortcut keyboard / Minimal drag-and-drop,17,Online Tutor,5,Mid level,"Pengalaman 2+ tahun, kemampuan mengajar kelompok kecil online, familiar dengan tools interaktif berbasis voice."
Daksa Tangan,Voice command / Tombol besar / Shortcut keyboard / Minimal drag-and-drop,17,Online Tutor,6,Senior level,"3+ tahun, pengalaman kurikulum development, kemampuan coaching dan mentoring, komunikasi orang tua via verbal."
Daksa Tangan,Voice command / Tombol besar / Shortcut keyboard / Minimal drag-and-drop,17,Online Tutor,7,Senior level,"S1/S2 Pendidikan, 4+ tahun, pernah melatih tutor junior, kemampuan assessmen pembelajaran berbasis voice response."
Daksa Tangan,Voice command / Tombol besar / Shortcut keyboard / Minimal drag-and-drop,17,Online Tutor,8,Lead / Manajerial,"5+ tahun, pengalaman head tutor, mampu menyusun program tutoring, rekrutmen dan QC tutor via wawancara."
Daksa Tangan,Voice command / Tombol besar / Shortcut keyboard / Minimal drag-and-drop,17,Online Tutor,9,Lead / Manajerial,"S2 Pendidikan, 6+ tahun, pengalaman merancang kurikulum digital inklusif, kolaborasi dengan lembaga pendidikan."
Daksa Tangan,Voice command / Tombol besar / Shortcut keyboard / Minimal drag-and-drop,17,Online Tutor,10,Lead / Manajerial,"8+ tahun, pengalaman direktur akademik online, kemampuan skalabilitas program tutoring, pengembangan edtech inklusif."
Daksa Tangan,Voice command / Tombol besar / Shortcut keyboard / Minimal drag-and-drop,18,Customer Support Specialist,1,Entry level,"Lulusan SMA/SMK, kemampuan komunikasi verbal sangat baik, terbiasa menggunakan headset dan voice-based ticketing."
Daksa Tangan,Voice command / Tombol besar / Shortcut keyboard / Minimal drag-and-drop,18,Customer Support Specialist,2,Entry level,"Lulusan D3, pengalaman magang support, kemampuan mengelola keluhan via telepon dan chat suara, ramah dan sabar."
Daksa Tangan,Voice command / Tombol besar / Shortcut keyboard / Minimal drag-and-drop,18,Customer Support Specialist,3,Mid level,"S1 semua jurusan, 1-2 tahun pengalaman, mahir menangani escalation verbal, familiar CRM berbasis voice command."
Daksa Tangan,Voice command / Tombol besar / Shortcut keyboard / Minimal drag-and-drop,18,Customer Support Specialist,4,Mid level,"2 tahun pengalaman, kemampuan de-eskalasi konflik verbal, rekam jejak NPS tinggi, terbiasa dokumentasi via dictation."
Daksa Tangan,Voice command / Tombol besar / Shortcut keyboard / Minimal drag-and-drop,18,Customer Support Specialist,5,Mid level,"Pengalaman 2+ tahun, kemampuan teknis produk untuk troubleshooting verbal, familiar dengan SLA management."
Daksa Tangan,Voice command / Tombol besar / Shortcut keyboard / Minimal drag-and-drop,18,Customer Support Specialist,6,Senior level,"3+ tahun, pengalaman senior support, kemampuan coaching tim via verbal, menyusun FAQ via dictation tools."
Daksa Tangan,Voice command / Tombol besar / Shortcut keyboard / Minimal drag-and-drop,18,Customer Support Specialist,7,Senior level,"S1 Komunikasi/Psikologi, 4+ tahun, pengalaman omnichannel support (telepon, chat suara), kemampuan analisis kepuasan."
Daksa Tangan,Voice command / Tombol besar / Shortcut keyboard / Minimal drag-and-drop,18,Customer Support Specialist,8,Lead / Manajerial,"5+ tahun, pengalaman team lead support, KPI management, rekrutmen via wawancara, pelatihan onboarding verbal."
Daksa Tangan,Voice command / Tombol besar / Shortcut keyboard / Minimal drag-and-drop,18,Customer Support Specialist,9,Lead / Manajerial,"S2 Manajemen, 6+ tahun, pengalaman direktur customer experience, strategi layanan berbasis voice analytics."
Daksa Tangan,Voice command / Tombol besar / Shortcut keyboard / Minimal drag-and-drop,18,Customer Support Specialist,10,Lead / Manajerial,"8+ tahun, pengalaman VP Customer Success, kemampuan membangun pusat layanan inklusif, rekam jejak churn reduction."
Daksa Tangan,Voice command / Tombol besar / Shortcut keyboard / Minimal drag-and-drop,19,Translator,1,Entry level,"Lulusan S1 Bahasa/Sastra, kemampuan terjemahan Indonesia-Inggris atau bahasa lain, pengetikan via voice-to-text."
Daksa Tangan,Voice command / Tombol besar / Shortcut keyboard / Minimal drag-and-drop,19,Translator,2,Entry level,"Lulusan D3/S1, penguasaan 2+ bahasa pasif & aktif, familiar dengan CAT tools yang mendukung voice command."
Daksa Tangan,Voice command / Tombol besar / Shortcut keyboard / Minimal drag-and-drop,19,Translator,3,Mid level,"S1 Bahasa, 1-2 tahun pengalaman terjemahan profesional, kemampuan domain spesifik (hukum/medis), dictation lancar."
Daksa Tangan,Voice command / Tombol besar / Shortcut keyboard / Minimal drag-and-drop,19,Translator,4,Mid level,"2 tahun pengalaman, rekam jejak proyek terjemahan volume besar, kemampuan post-editing mesin terjemahan."
Daksa Tangan,Voice command / Tombol besar / Shortcut keyboard / Minimal drag-and-drop,19,Translator,5,Mid level,"Pengalaman 2+ tahun, kemampuan localization konten digital, familiar dengan TM (Translation Memory) yang aksesibel."
Daksa Tangan,Voice command / Tombol besar / Shortcut keyboard / Minimal drag-and-drop,19,Translator,6,Senior level,"3+ tahun, pengalaman terjemahan tersumpah atau tersertifikasi, kemampuan review terjemahan tim, komunikasi klien verbal."
Daksa Tangan,Voice command / Tombol besar / Shortcut keyboard / Minimal drag-and-drop,19,Translator,7,Senior level,"S1/S2 Bahasa, 4+ tahun, rekam jejak proyek internasional, kemampuan menjaga konsistensi terminologi via voice notes."
Daksa Tangan,Voice command / Tombol besar / Shortcut keyboard / Minimal drag-and-drop,19,Translator,8,Lead / Manajerial,"5+ tahun, pengalaman lead translator, mampu menyusun glossary via dictation, manajemen tim penerjemah."
Daksa Tangan,Voice command / Tombol besar / Shortcut keyboard / Minimal drag-and-drop,19,Translator,9,Lead / Manajerial,"S2 Linguistik/Terjemahan, 6+ tahun, pengalaman direktur layanan bahasa, pengembangan standar kualitas terjemahan."
Daksa Tangan,Voice command / Tombol besar / Shortcut keyboard / Minimal drag-and-drop,19,Translator,10,Lead / Manajerial,"8+ tahun, pengalaman kepala biro penerjemah, kemampuan negosiasi kontrak klien, strategi pengembangan layanan bahasa."
Daksa Tangan,Voice command / Tombol besar / Shortcut keyboard / Minimal drag-and-drop,20,Telesales Agent,1,Entry level,"Lulusan SMA/SMK, kemampuan komunikasi verbal persuasif, terbiasa dengan auto-dialer voice-controlled, motivasi tinggi."
Daksa Tangan,Voice command / Tombol besar / Shortcut keyboard / Minimal drag-and-drop,20,Telesales Agent,2,Entry level,"Lulusan D3, pengalaman penjualan informal via telepon, kemampuan pitching produk verbal, terbiasa target harian."
Daksa Tangan,Voice command / Tombol besar / Shortcut keyboard / Minimal drag-and-drop,20,Telesales Agent,3,Mid level,"S1 semua jurusan, 1-2 tahun telesales, kemampuan negosiasi verbal, familiar CRM berbasis voice command."
Daksa Tangan,Voice command / Tombol besar / Shortcut keyboard / Minimal drag-and-drop,20,Telesales Agent,4,Mid level,"2 tahun pengalaman, rekam jejak konversi tinggi, kemampuan objection handling verbal, mahir upselling & cross-selling."
Daksa Tangan,Voice command / Tombol besar / Shortcut keyboard / Minimal drag-and-drop,20,Telesales Agent,5,Mid level,"Pengalaman 2+ tahun, kemampuan consultative selling via telepon, familiar dengan produk finansial/asuransi/SaaS."
Daksa Tangan,Voice command / Tombol besar / Shortcut keyboard / Minimal drag-and-drop,20,Telesales Agent,6,Senior level,"3+ tahun, pengalaman senior sales, kemampuan coaching tim via verbal roleplay, analisis pipeline via voice dashboard."
Daksa Tangan,Voice command / Tombol besar / Shortcut keyboard / Minimal drag-and-drop,20,Telesales Agent,7,Senior level,"S1 Marketing, 4+ tahun, rekam jejak revenue generation signifikan, kemampuan key account management via telepon."
Daksa Tangan,Voice command / Tombol besar / Shortcut keyboard / Minimal drag-and-drop,20,Telesales Agent,8,Lead / Manajerial,"5+ tahun, pengalaman sales team leader, KPI management, pelatihan pitch via simulasi verbal, forecasting penjualan."
Daksa Tangan,Voice command / Tombol besar / Shortcut keyboard / Minimal drag-and-drop,20,Telesales Agent,9,Lead / Manajerial,"S2 Manajemen/Marketing, 6+ tahun, pengalaman direktur penjualan, strategi go-to-market via remote channel."
Daksa Tangan,Voice command / Tombol besar / Shortcut keyboard / Minimal drag-and-drop,20,Telesales Agent,10,Lead / Manajerial,"8+ tahun, pengalaman VP Sales, kemampuan membangun organisasi penjualan inklusif, rekam jejak revenue multi-miliar."
Daksa Kaki,Navigasi sederhana / Layanan jarak jauh / Integrasi lokasi aksesibel,21,Remote Project Manager,1,Entry level,"Lulusan S1 semua jurusan, familiar Trello/Asana, kemampuan koordinasi tim via digital tools, terorganisir."
Daksa Kaki,Navigasi sederhana / Layanan jarak jauh / Integrasi lokasi aksesibel,21,Remote Project Manager,2,Entry level,"Lulusan D3/S1, pengalaman magang koordinasi proyek, kemampuan membuat timeline digital, komunikasi via chat/email."
Daksa Kaki,Navigasi sederhana / Layanan jarak jauh / Integrasi lokasi aksesibel,21,Remote Project Manager,3,Mid level,"S1 Manajemen/Teknik, 1-2 tahun pengalaman PM, familiar Agile/Scrum, kemampuan risk management sederhana."
Daksa Kaki,Navigasi sederhana / Layanan jarak jauh / Integrasi lokasi aksesibel,21,Remote Project Manager,4,Mid level,"2 tahun pengalaman, pernah mengelola proyek 3+ bulan, kemampuan vendor management via digital, familiar Jira."
Daksa Kaki,Navigasi sederhana / Layanan jarak jauh / Integrasi lokasi aksesibel,21,Remote Project Manager,5,Mid level,"Pengalaman 2+ tahun, kemampuan budget tracking, familiar MS Project atau Notion, koordinasi remote team efektif."
Daksa Kaki,Navigasi sederhana / Layanan jarak jauh / Integrasi lokasi aksesibel,21,Remote Project Manager,6,Senior level,"3+ tahun, pengalaman proyek lintas fungsi, PMP atau PRINCE2 nilai plus, kemampuan stakeholder management digital."
Daksa Kaki,Navigasi sederhana / Layanan jarak jauh / Integrasi lokasi aksesibel,21,Remote Project Manager,7,Senior level,"S1/S2 Manajemen, 4+ tahun, rekam jejak proyek on-time on-budget, kemampuan resource planning via tools."
Daksa Kaki,Navigasi sederhana / Layanan jarak jauh / Integrasi lokasi aksesibel,21,Remote Project Manager,8,Lead / Manajerial,"5+ tahun, pengalaman head of PMO, kemampuan menyusun metodologi PM perusahaan, manajemen portfolio proyek."
Daksa Kaki,Navigasi sederhana / Layanan jarak jauh / Integrasi lokasi aksesibel,21,Remote Project Manager,9,Lead / Manajerial,"S2 Manajemen/MBA, 6+ tahun, rekam jejak digital transformation project, kemampuan melatih PM junior via remote."
Daksa Kaki,Navigasi sederhana / Layanan jarak jauh / Integrasi lokasi aksesibel,21,Remote Project Manager,10,Lead / Manajerial,"8+ tahun, pengalaman direktur operasi remote, strategi portofolio proyek perusahaan, kemampuan C-suite reporting."
Daksa Kaki,Navigasi sederhana / Layanan jarak jauh / Integrasi lokasi aksesibel,22,E-commerce Manager,1,Entry level,"Lulusan S1 Marketing/Manajemen, familiar platform Tokopedia/Shopee/Shopify, kemampuan upload produk dan manajemen toko."
Daksa Kaki,Navigasi sederhana / Layanan jarak jauh / Integrasi lokasi aksesibel,22,E-commerce Manager,2,Entry level,"Lulusan D3/S1, pengalaman jualan online personal, kemampuan optimasi listing produk, familiar dengan proses fulfillment."
Daksa Kaki,Navigasi sederhana / Layanan jarak jauh / Integrasi lokasi aksesibel,22,E-commerce Manager,3,Mid level,"S1 Marketing, 1-2 tahun pengalaman, kemampuan paid ads marketplace, analisis performa toko via dashboard."
Daksa Kaki,Navigasi sederhana / Layanan jarak jauh / Integrasi lokasi aksesibel,22,E-commerce Manager,4,Mid level,"2 tahun pengalaman, rekam jejak pertumbuhan GMV, kemampuan manajemen flash sale, familiar dengan analytics marketplace."
Daksa Kaki,Navigasi sederhana / Layanan jarak jauh / Integrasi lokasi aksesibel,22,E-commerce Manager,5,Mid level,"Pengalaman 2+ tahun, kemampuan multi-platform management, familiar dengan catalog management dan inventory digital."
Daksa Kaki,Navigasi sederhana / Layanan jarak jauh / Integrasi lokasi aksesibel,22,E-commerce Manager,6,Senior level,"3+ tahun, pengalaman lead e-commerce, kemampuan menyusun kalender promo, koordinasi marketing & logistik remote."
Daksa Kaki,Navigasi sederhana / Layanan jarak jauh / Integrasi lokasi aksesibel,22,E-commerce Manager,7,Senior level,"S1/S2 Marketing, 4+ tahun, rekam jejak revenue signifikan, kemampuan A/B testing produk halaman, manajemen tim."
Daksa Kaki,Navigasi sederhana / Layanan jarak jauh / Integrasi lokasi aksesibel,22,E-commerce Manager,8,Lead / Manajerial,"5+ tahun, pengalaman head of e-commerce, strategi ekspansi marketplace, negosiasi vendor via digital."
Daksa Kaki,Navigasi sederhana / Layanan jarak jauh / Integrasi lokasi aksesibel,22,E-commerce Manager,9,Lead / Manajerial,"S2 Marketing/MBA, 6+ tahun, rekam jejak skalabilitas bisnis e-commerce, kemampuan internasionalisasi toko online."
Daksa Kaki,Navigasi sederhana / Layanan jarak jauh / Integrasi lokasi aksesibel,22,E-commerce Manager,10,Lead / Manajerial,"8+ tahun, pengalaman direktur e-commerce, strategi omnichannel digital, kemampuan menyusun P&L e-commerce."
Daksa Kaki,Navigasi sederhana / Layanan jarak jauh / Integrasi lokasi aksesibel,23,HR Specialist (Remote),1,Entry level,"Lulusan S1 Psikologi/Manajemen SDM, familiar HRIS digital, kemampuan administrasi HR via tools online."
Daksa Kaki,Navigasi sederhana / Layanan jarak jauh / Integrasi lokasi aksesibel,23,HR Specialist (Remote),2,Entry level,"Lulusan D3/S1, pengalaman magang HR, kemampuan rekrutmen via job portal, komunikasi kandidat via email/chat."
Daksa Kaki,Navigasi sederhana / Layanan jarak jauh / Integrasi lokasi aksesibel,23,HR Specialist (Remote),3,Mid level,"S1 Psikologi/Hukum, 1-2 tahun pengalaman HR, kemampuan onboarding remote, familiar kontrak kerja digital."
Daksa Kaki,Navigasi sederhana / Layanan jarak jauh / Integrasi lokasi aksesibel,23,HR Specialist (Remote),4,Mid level,"2 tahun pengalaman, kemampuan performance appraisal digital, familiar dengan survei engagement online, koordinasi via Zoom."
Daksa Kaki,Navigasi sederhana / Layanan jarak jauh / Integrasi lokasi aksesibel,23,HR Specialist (Remote),5,Mid level,"Pengalaman 2+ tahun, kemampuan payroll digital, familiar dengan peraturan ketenagakerjaan, pelatihan via LMS."
Daksa Kaki,Navigasi sederhana / Layanan jarak jauh / Integrasi lokasi aksesibel,23,HR Specialist (Remote),6,Senior level,"3+ tahun, pengalaman generalist HR, kemampuan menyusun kebijakan HR digital, manajemen kasus ketenagakerjaan."
Daksa Kaki,Navigasi sederhana / Layanan jarak jauh / Integrasi lokasi aksesibel,23,HR Specialist (Remote),7,Senior level,"S1/S2 Psikologi/MSDM, 4+ tahun, pengalaman HR Business Partner, kemampuan analisis data SDM via dashboard."
Daksa Kaki,Navigasi sederhana / Layanan jarak jauh / Integrasi lokasi aksesibel,23,HR Specialist (Remote),8,Lead / Manajerial,"5+ tahun, pengalaman HR Manager, kemampuan menyusun strategi talent acquisition digital, kultur inklusif."
Daksa Kaki,Navigasi sederhana / Layanan jarak jauh / Integrasi lokasi aksesibel,23,HR Specialist (Remote),9,Lead / Manajerial,"S2 MSDM/MBA, 6+ tahun, rekam jejak transformasi HR digital, kemampuan memimpin tim HR tersebar secara remote."
Daksa Kaki,Navigasi sederhana / Layanan jarak jauh / Integrasi lokasi aksesibel,23,HR Specialist (Remote),10,Lead / Manajerial,"8+ tahun, pengalaman CHRO, strategi workforce planning, employer branding digital, kemampuan board-level reporting."
Daksa Kaki,Navigasi sederhana / Layanan jarak jauh / Integrasi lokasi aksesibel,24,Financial Analyst,1,Entry level,"Lulusan S1 Akuntansi/Keuangan, kemampuan Excel tingkat lanjut, analisis laporan keuangan dasar, kerja remote."
Daksa Kaki,Navigasi sederhana / Layanan jarak jauh / Integrasi lokasi aksesibel,24,Financial Analyst,2,Entry level,"Lulusan D3/S1, familiar Bloomberg atau Yahoo Finance, kemampuan riset investasi dasar, komunikasi via laporan."
Daksa Kaki,Navigasi sederhana / Layanan jarak jauh / Integrasi lokasi aksesibel,24,Financial Analyst,3,Mid level,"S1 Keuangan/Ekonomi, 1-2 tahun pengalaman, kemampuan financial modeling, familiar Power BI untuk dashboard keuangan."
Daksa Kaki,Navigasi sederhana / Layanan jarak jauh / Integrasi lokasi aksesibel,24,Financial Analyst,4,Mid level,"2 tahun pengalaman, kemampuan analisis rasio keuangan, pernah menyusun laporan untuk manajemen, familiar DCF model."
Daksa Kaki,Navigasi sederhana / Layanan jarak jauh / Integrasi lokasi aksesibel,24,Financial Analyst,5,Mid level,"Pengalaman 2+ tahun, kemampuan equity research atau credit analysis, komunikasi hasil analisis via presentasi digital."
Daksa Kaki,Navigasi sederhana / Layanan jarak jauh / Integrasi lokasi aksesibel,24,Financial Analyst,6,Senior level,"3+ tahun, pengalaman senior analyst, kemampuan valuasi perusahaan, koordinasi dengan tim keuangan via digital tools."
Daksa Kaki,Navigasi sederhana / Layanan jarak jauh / Integrasi lokasi aksesibel,24,Financial Analyst,7,Senior level,"S1/S2 Keuangan + CFA L1 atau setara, 4+ tahun, kemampuan portfolio management, rekam jejak analisis akurat."
Daksa Kaki,Navigasi sederhana / Layanan jarak jauh / Integrasi lokasi aksesibel,24,Financial Analyst,8,Lead / Manajerial,"5+ tahun, pengalaman finance manager, kemampuan menyusun anggaran perusahaan, reporting ke direksi via digital."
Daksa Kaki,Navigasi sederhana / Layanan jarak jauh / Integrasi lokasi aksesibel,24,Financial Analyst,9,Lead / Manajerial,"S2 Keuangan/MBA + CFA, 6+ tahun, pengalaman kepala keuangan, strategi investasi dan manajemen risiko korporat."
Daksa Kaki,Navigasi sederhana / Layanan jarak jauh / Integrasi lokasi aksesibel,24,Financial Analyst,10,Lead / Manajerial,"8+ tahun, pengalaman CFO, strategi keuangan jangka panjang, IPO atau M&A experience, remote C-suite collaboration."
Daksa Kaki,Navigasi sederhana / Layanan jarak jauh / Integrasi lokasi aksesibel,25,Digital Marketing Specialist,1,Entry level,"Lulusan S1 Marketing/Komunikasi, familiar Google Ads & Meta Ads dasar, kemampuan analisis data digital sederhana."
Daksa Kaki,Navigasi sederhana / Layanan jarak jauh / Integrasi lokasi aksesibel,25,Digital Marketing Specialist,2,Entry level,"Lulusan D3/S1, pernah mengelola kampanye sosmed kecil, kemampuan copywriting iklan singkat, familiar Google Analytics."
Daksa Kaki,Navigasi sederhana / Layanan jarak jauh / Integrasi lokasi aksesibel,25,Digital Marketing Specialist,3,Mid level,"S1 Marketing, 1-2 tahun pengalaman, kemampuan SEO/SEM, familiar dashboard iklan, optimasi berbasis data."
Daksa Kaki,Navigasi sederhana / Layanan jarak jauh / Integrasi lokasi aksesibel,25,Digital Marketing Specialist,4,Mid level,"2 tahun pengalaman, rekam jejak ROAS positif, kemampuan email marketing via Mailchimp, A/B testing iklan."
Daksa Kaki,Navigasi sederhana / Layanan jarak jauh / Integrasi lokasi aksesibel,25,Digital Marketing Specialist,5,Mid level,"Pengalaman 2+ tahun, kemampuan multi-channel campaign, familiar affiliate marketing, analisis funnel digital."
Daksa Kaki,Navigasi sederhana / Layanan jarak jauh / Integrasi lokasi aksesibel,25,Digital Marketing Specialist,6,Senior level,"3+ tahun, pengalaman lead campaign, kemampuan strategi growth hacking, koordinasi tim kreatif via remote."
Daksa Kaki,Navigasi sederhana / Layanan jarak jauh / Integrasi lokasi aksesibel,25,Digital Marketing Specialist,7,Senior level,"S1/S2 Marketing, 4+ tahun, rekam jejak growth signifikan, kemampuan menyusun media plan tahunan digital."
Daksa Kaki,Navigasi sederhana / Layanan jarak jauh / Integrasi lokasi aksesibel,25,Digital Marketing Specialist,8,Lead / Manajerial,"5+ tahun, pengalaman head of digital marketing, strategi brand awareness digital, pengelolaan anggaran iklan besar."
Daksa Kaki,Navigasi sederhana / Layanan jarak jauh / Integrasi lokasi aksesibel,25,Digital Marketing Specialist,9,Lead / Manajerial,"S2 Marketing/MBA, 6+ tahun, rekam jejak digital campaign nasional, kemampuan membangun tim marketing inklusif."
Daksa Kaki,Navigasi sederhana / Layanan jarak jauh / Integrasi lokasi aksesibel,25,Digital Marketing Specialist,10,Lead / Manajerial,"8+ tahun, pengalaman CMO, strategi transformasi marketing digital, kemampuan board reporting berbasis data."
Gangguan Intelektual,Bahasa sederhana / Ikon visual jelas / Step-by-step interface / Informasi tidak berlebihan,26,Laundry Worker,1,Entry level,"Kemampuan dasar memilah dan mencuci pakaian, mengikuti instruksi langkah per langkah, dengan supervisi ketat."
Gangguan Intelektual,Bahasa sederhana / Ikon visual jelas / Step-by-step interface / Informasi tidak berlebihan,26,Laundry Worker,2,Entry level,"Bisa memahami panduan bergambar, terbiasa rutinitas harian, kemampuan menyelesaikan tugas berulang secara konsisten."
Gangguan Intelektual,Bahasa sederhana / Ikon visual jelas / Step-by-step interface / Informasi tidak berlebihan,26,Laundry Worker,3,Mid level,"6+ bulan pengalaman laundry, mampu mengoperasikan mesin cuci dengan panduan visual, kecepatan kerja memadai."
Gangguan Intelektual,Bahasa sederhana / Ikon visual jelas / Step-by-step interface / Informasi tidak berlebihan,26,Laundry Worker,4,Mid level,"1 tahun pengalaman, kemampuan melipat pakaian rapi, memilah berdasarkan warna/jenis sesuai kartu panduan visual."
Gangguan Intelektual,Bahasa sederhana / Ikon visual jelas / Step-by-step interface / Informasi tidak berlebihan,26,Laundry Worker,5,Mid level,"1-2 tahun pengalaman, kemampuan dasar menyeterika dengan supervisi, mengenal produk pembersih via label gambar."
Gangguan Intelektual,Bahasa sederhana / Ikon visual jelas / Step-by-step interface / Informasi tidak berlebihan,26,Laundry Worker,6,Senior level,"2+ tahun pengalaman, kemampuan bekerja semi-mandiri dengan panduan bergambar yang sudah familier, teliti dan konsisten."
Gangguan Intelektual,Bahasa sederhana / Ikon visual jelas / Step-by-step interface / Informasi tidak berlebihan,26,Laundry Worker,7,Senior level,"3 tahun pengalaman, kemampuan mengelola urutan tugas laundry harian dengan sedikit supervisi, hasil kerja terjaga."
Gangguan Intelektual,Bahasa sederhana / Ikon visual jelas / Step-by-step interface / Informasi tidak berlebihan,26,Laundry Worker,8,Lead / Manajerial,"4+ tahun pengalaman laundry dengan progres positif, kemampuan membantu rekan baru via demonstrasi langsung."
Gangguan Intelektual,Bahasa sederhana / Ikon visual jelas / Step-by-step interface / Informasi tidak berlebihan,26,Laundry Worker,9,Lead / Manajerial,"5+ tahun pengalaman, kemampuan mengelola area kerja sendiri, memberi tahu supervisor jika ada masalah, teladan tim."
Gangguan Intelektual,Bahasa sederhana / Ikon visual jelas / Step-by-step interface / Informasi tidak berlebihan,26,Laundry Worker,10,Lead / Manajerial,"Pengalaman panjang dengan rekam jejak keandalan tinggi, kemampuan menjadi buddy/mentor rekan baru dengan panduan."
Gangguan Intelektual,Bahasa sederhana / Ikon visual jelas / Step-by-step interface / Informasi tidak berlebihan,27,Food Packaging Worker,1,Entry level,"Kemampuan mengikuti prosedur pengemasan bergambar, teliti dalam detail sederhana, mau belajar di lingkungan supportif."
Gangguan Intelektual,Bahasa sederhana / Ikon visual jelas / Step-by-step interface / Informasi tidak berlebihan,27,Food Packaging Worker,2,Entry level,"Terbiasa rutinitas berulang, bisa bekerja mengikuti conveyor pacing, kemampuan menjaga kebersihan area kerja dasar."
Gangguan Intelektual,Bahasa sederhana / Ikon visual jelas / Step-by-step interface / Informasi tidak berlebihan,27,Food Packaging Worker,3,Mid level,"6+ bulan pengalaman pengemasan, kemampuan memeriksa produk cacat via visual checklist bergambar, kecepatan stabil."
Gangguan Intelektual,Bahasa sederhana / Ikon visual jelas / Step-by-step interface / Informasi tidak berlebihan,27,Food Packaging Worker,4,Mid level,"1 tahun pengalaman, mampu memahami instruksi label sederhana, kemampuan memilah produk sesuai panduan visual."
Gangguan Intelektual,Bahasa sederhana / Ikon visual jelas / Step-by-step interface / Informasi tidak berlebihan,27,Food Packaging Worker,5,Mid level,"1-2 tahun pengalaman, kemampuan mengoperasikan peralatan pengemasan sederhana dengan pendampingan teknis ringan."
Gangguan Intelektual,Bahasa sederhana / Ikon visual jelas / Step-by-step interface / Informasi tidak berlebihan,27,Food Packaging Worker,6,Senior level,"2+ tahun pengalaman, kemampuan bekerja konsisten selama shift penuh, menjaga standar kebersihan dengan mandiri."
Gangguan Intelektual,Bahasa sederhana / Ikon visual jelas / Step-by-step interface / Informasi tidak berlebihan,27,Food Packaging Worker,7,Senior level,"3 tahun pengalaman, kemampuan mengikuti SOP bergambar secara mandiri, memberi tahu atasan jika stok menipis."
Gangguan Intelektual,Bahasa sederhana / Ikon visual jelas / Step-by-step interface / Informasi tidak berlebihan,27,Food Packaging Worker,8,Lead / Manajerial,"4+ tahun pengalaman, kemampuan membantu rekan lewat demonstrasi langsung, rekam jejak keandalan dan ketelitian."
Gangguan Intelektual,Bahasa sederhana / Ikon visual jelas / Step-by-step interface / Informasi tidak berlebihan,27,Food Packaging Worker,9,Lead / Manajerial,"5+ tahun pengalaman packaging, dikenal supervisor sebagai pekerja andalan, kemampuan membimbing anggota baru."
Gangguan Intelektual,Bahasa sederhana / Ikon visual jelas / Step-by-step interface / Informasi tidak berlebihan,27,Food Packaging Worker,10,Lead / Manajerial,"Pengalaman panjang dan konsisten, mampu menjadi model perilaku kerja baik, relasi kerja positif dengan seluruh tim."
Gangguan Intelektual,Bahasa sederhana / Ikon visual jelas / Step-by-step interface / Informasi tidak berlebihan,28,Cleaning Service,1,Entry level,"Kemampuan dasar membersihkan area dengan panduan bergambar, mengikuti checklist visual harian, ramah dan tekun."
Gangguan Intelektual,Bahasa sederhana / Ikon visual jelas / Step-by-step interface / Informasi tidak berlebihan,28,Cleaning Service,2,Entry level,"Terbiasa rutinitas kebersihan, kemampuan menggunakan alat kebersihan dasar, mau bekerja dalam tim dan mengikuti arahan."
Gangguan Intelektual,Bahasa sederhana / Ikon visual jelas / Step-by-step interface / Informasi tidak berlebihan,28,Cleaning Service,3,Mid level,"6+ bulan pengalaman, kemampuan membersihkan berbagai area sesuai jadwal visual, memahami produk pembersih via gambar label."
Gangguan Intelektual,Bahasa sederhana / Ikon visual jelas / Step-by-step interface / Informasi tidak berlebihan,28,Cleaning Service,4,Mid level,"1 tahun pengalaman, kemampuan cleaning spesifik (toilet, kaca, lantai) dengan SOP bergambar, konsistensi tinggi."
Gangguan Intelektual,Bahasa sederhana / Ikon visual jelas / Step-by-step interface / Informasi tidak berlebihan,28,Cleaning Service,5,Mid level,"1-2 tahun pengalaman, mampu bekerja mandiri dengan checklist bergambar, memberi tahu supervisor jika ada kerusakan."
Gangguan Intelektual,Bahasa sederhana / Ikon visual jelas / Step-by-step interface / Informasi tidak berlebihan,28,Cleaning Service,6,Senior level,"2+ tahun pengalaman, kemampuan mengelola seluruh area tanggung jawab dengan baik, rekam jejak kebersihan terjaga."
Gangguan Intelektual,Bahasa sederhana / Ikon visual jelas / Step-by-step interface / Informasi tidak berlebihan,28,Cleaning Service,7,Senior level,"3 tahun pengalaman, kemampuan menyesuaikan jadwal cleaning saat ada acara, memberitahu kebutuhan stok alat."
Gangguan Intelektual,Bahasa sederhana / Ikon visual jelas / Step-by-step interface / Informasi tidak berlebihan,28,Cleaning Service,8,Lead / Manajerial,"4+ tahun pengalaman, kemampuan memandu rekan baru via demonstrasi, dikenal sebagai pekerja yang dapat diandalkan."
Gangguan Intelektual,Bahasa sederhana / Ikon visual jelas / Step-by-step interface / Informasi tidak berlebihan,28,Cleaning Service,9,Lead / Manajerial,"5+ tahun, kemampuan mengelola shift kerja sederhana bersama supervisor, rekam jejak tanpa insiden keselamatan."
Gangguan Intelektual,Bahasa sederhana / Ikon visual jelas / Step-by-step interface / Informasi tidak berlebihan,28,Cleaning Service,10,Lead / Manajerial,"Pengalaman panjang dengan penghargaan dari perusahaan, menjadi inspirasi tim, kemampuan menjaga standar kerja."
Gangguan Intelektual,Bahasa sederhana / Ikon visual jelas / Step-by-step interface / Informasi tidak berlebihan,29,Garden Maintenance Worker,1,Entry level,"Kemampuan dasar merawat tanaman (menyiram, mencabut rumput) dengan instruksi bergambar, suka bekerja di luar ruangan."
Gangguan Intelektual,Bahasa sederhana / Ikon visual jelas / Step-by-step interface / Informasi tidak berlebihan,29,Garden Maintenance Worker,2,Entry level,"Terbiasa aktivitas fisik outdoor, kemampuan mengikuti jadwal perawatan taman bergambar, mau belajar dari pendamping."
Gangguan Intelektual,Bahasa sederhana / Ikon visual jelas / Step-by-step interface / Informasi tidak berlebihan,29,Garden Maintenance Worker,3,Mid level,"6+ bulan pengalaman, kemampuan menanam dan memangkas tanaman dasar sesuai panduan visual, fisik baik."
Gangguan Intelektual,Bahasa sederhana / Ikon visual jelas / Step-by-step interface / Informasi tidak berlebihan,29,Garden Maintenance Worker,4,Mid level,"1 tahun pengalaman, kemampuan menggunakan alat taman sederhana (cangkul, gunting tanaman) dengan aman, konsisten."
Gangguan Intelektual,Bahasa sederhana / Ikon visual jelas / Step-by-step interface / Informasi tidak berlebihan,29,Garden Maintenance Worker,5,Mid level,"1-2 tahun pengalaman, kemampuan mengenali tanaman yang perlu perawatan extra via panduan foto, mandiri dalam rutinitas."
Gangguan Intelektual,Bahasa sederhana / Ikon visual jelas / Step-by-step interface / Informasi tidak berlebihan,29,Garden Maintenance Worker,6,Senior level,"2+ tahun pengalaman, kemampuan merawat taman secara mandiri dengan daftar tugas bergambar, fisik prima."
Gangguan Intelektual,Bahasa sederhana / Ikon visual jelas / Step-by-step interface / Informasi tidak berlebihan,29,Garden Maintenance Worker,7,Senior level,"3 tahun pengalaman, kemampuan melapor kondisi taman via foto ke supervisor, rekam jejak taman terawat baik."
Gangguan Intelektual,Bahasa sederhana / Ikon visual jelas / Step-by-step interface / Informasi tidak berlebihan,29,Garden Maintenance Worker,8,Lead / Manajerial,"4+ tahun pengalaman, kemampuan membantu rekan baru, mengenal kebutuhan berbagai jenis tanaman dari pengalaman."
Gangguan Intelektual,Bahasa sederhana / Ikon visual jelas / Step-by-step interface / Informasi tidak berlebihan,29,Garden Maintenance Worker,9,Lead / Manajerial,"5+ tahun, kemampuan mengelola taman besar secara konsisten, menjadi referensi rekan untuk perawatan tanaman."
Gangguan Intelektual,Bahasa sederhana / Ikon visual jelas / Step-by-step interface / Informasi tidak berlebihan,29,Garden Maintenance Worker,10,Lead / Manajerial,"Pengalaman panjang, dikenal sebagai pekerja taman andalan, kemampuan membimbing tim kecil dengan dukungan supervisor."
Gangguan Intelektual,Bahasa sederhana / Ikon visual jelas / Step-by-step interface / Informasi tidak berlebihan,30,Retail Stock Assistant,1,Entry level,"Kemampuan menata barang sesuai panduan gambar/denah, fisik mampu membawa beban ringan, tekun dan teliti."
Gangguan Intelektual,Bahasa sederhana / Ikon visual jelas / Step-by-step interface / Informasi tidak berlebihan,30,Retail Stock Assistant,2,Entry level,"Terbiasa mengikuti instruksi langkah per langkah, kemampuan mengenali produk dari gambar label, mau belajar."
Gangguan Intelektual,Bahasa sederhana / Ikon visual jelas / Step-by-step interface / Informasi tidak berlebihan,30,Retail Stock Assistant,3,Mid level,"6+ bulan pengalaman, kemampuan mengisi rak sesuai planogram bergambar, menjaga kerapian area tanggung jawab."
Gangguan Intelektual,Bahasa sederhana / Ikon visual jelas / Step-by-step interface / Informasi tidak berlebihan,30,Retail Stock Assistant,4,Mid level,"1 tahun pengalaman, kemampuan stock opname sederhana dengan panduan formulir bergambar, konsisten dan tepat waktu."
Gangguan Intelektual,Bahasa sederhana / Ikon visual jelas / Step-by-step interface / Informasi tidak berlebihan,30,Retail Stock Assistant,5,Mid level,"1-2 tahun pengalaman, kemampuan memilah produk kadaluarsa via tanggal bergambar, menginformasikan ke supervisor."
Gangguan Intelektual,Bahasa sederhana / Ikon visual jelas / Step-by-step interface / Informasi tidak berlebihan,30,Retail Stock Assistant,6,Senior level,"2+ tahun pengalaman, kemampuan bekerja mandiri dalam shift, mengelola area stok dengan checklist bergambar."
Gangguan Intelektual,Bahasa sederhana / Ikon visual jelas / Step-by-step interface / Informasi tidak berlebihan,30,Retail Stock Assistant,7,Senior level,"3 tahun pengalaman, kemampuan melaporkan kekurangan stok ke supervisor, rekam jejak pekerjaan yang dapat diandalkan."
Gangguan Intelektual,Bahasa sederhana / Ikon visual jelas / Step-by-step interface / Informasi tidak berlebihan,30,Retail Stock Assistant,8,Lead / Manajerial,"4+ tahun pengalaman, kemampuan menunjukkan lokasi produk ke rekan baru, menjadi contoh disiplin kerja tim."
Gangguan Intelektual,Bahasa sederhana / Ikon visual jelas / Step-by-step interface / Informasi tidak berlebihan,30,Retail Stock Assistant,9,Lead / Manajerial,"5+ tahun, kemampuan mengelola tanggung jawab stok gudang kecil dengan dukungan supervisor, teladan tim."
Gangguan Intelektual,Bahasa sederhana / Ikon visual jelas / Step-by-step interface / Informasi tidak berlebihan,30,Retail Stock Assistant,10,Lead / Manajerial,"Pengalaman panjang dengan rekam jejak terpercaya, mampu membantu pelatihan rekan baru via demonstrasi langsung."
Gangguan Mental,UI tenang / Notifikasi tidak agresif / Kontrol privasi / Pengalaman penggunaan jelas,31,Freelance Writer,1,Entry level,"Lulusan SMA/D3, kemampuan menulis artikel atau opini, mampu bekerja dengan deadline fleksibel dari rumah."
Gangguan Mental,UI tenang / Notifikasi tidak agresif / Kontrol privasi / Pengalaman penggunaan jelas,31,Freelance Writer,2,Entry level,"Lulusan S1 semua jurusan, portofolio 3+ tulisan, kemampuan menyesuaikan gaya tulisan, fleksibel jadwal kerja."
Gangguan Mental,UI tenang / Notifikasi tidak agresif / Kontrol privasi / Pengalaman penggunaan jelas,31,Freelance Writer,3,Mid level,"S1 Bahasa/Komunikasi, 1-2 tahun pengalaman, kemampuan berbagai genre penulisan, familiar platform freelance."
Gangguan Mental,UI tenang / Notifikasi tidak agresif / Kontrol privasi / Pengalaman penggunaan jelas,31,Freelance Writer,4,Mid level,"2 tahun pengalaman, rekam jejak klien berulang, kemampuan self-manage waktu dan energi secara mandiri."
Gangguan Mental,UI tenang / Notifikasi tidak agresif / Kontrol privasi / Pengalaman penggunaan jelas,31,Freelance Writer,5,Mid level,"Pengalaman 2+ tahun, kemampuan riset mendalam, menulis long-form content, jadwal kerja fleksibel sesuai kondisi."
Gangguan Mental,UI tenang / Notifikasi tidak agresif / Kontrol privasi / Pengalaman penggunaan jelas,31,Freelance Writer,6,Senior level,"3+ tahun, portofolio publikasi beragam, kemampuan membangun relasi klien via email/chat dengan pace nyaman."
Gangguan Mental,UI tenang / Notifikasi tidak agresif / Kontrol privasi / Pengalaman penggunaan jelas,31,Freelance Writer,7,Senior level,"S1/S2 Bahasa/Jurnalistik, 4+ tahun, rekam jejak tulisan di media nasional, kemampuan ghostwriting."
Gangguan Mental,UI tenang / Notifikasi tidak agresif / Kontrol privasi / Pengalaman penggunaan jelas,31,Freelance Writer,8,Lead / Manajerial,"5+ tahun, kemampuan mengelola proyek penulisan skala besar, kenyamanan bekerja mandiri penuh dari mana saja."
Gangguan Mental,UI tenang / Notifikasi tidak agresif / Kontrol privasi / Pengalaman penggunaan jelas,31,Freelance Writer,9,Lead / Manajerial,"S2 Bahasa, 6+ tahun, pengalaman editor buku/media, kemampuan mengembangkan penulis junior via email."
Gangguan Mental,UI tenang / Notifikasi tidak agresif / Kontrol privasi / Pengalaman penggunaan jelas,31,Freelance Writer,10,Lead / Manajerial,"8+ tahun, rekam jejak buku atau publikasi signifikan, kemampuan membangun brand penulisan personal."
Gangguan Mental,UI tenang / Notifikasi tidak agresif / Kontrol privasi / Pengalaman penggunaan jelas,32,Online Moderator,1,Entry level,"Lulusan SMA/SMK, familiar dengan platform media sosial, kemampuan membaca dan menilai konten secara konsisten."
Gangguan Mental,UI tenang / Notifikasi tidak agresif / Kontrol privasi / Pengalaman penggunaan jelas,32,Online Moderator,2,Entry level,"Lulusan D3/S1, kemampuan mengikuti guideline moderasi tertulis dengan jelas, pace kerja bisa diatur sendiri."
Gangguan Mental,UI tenang / Notifikasi tidak agresif / Kontrol privasi / Pengalaman penggunaan jelas,32,Online Moderator,3,Mid level,"S1 semua jurusan, 1-2 tahun pengalaman moderasi, kemampuan mengenali konten bermasalah, komunikasi via teks."
Gangguan Mental,UI tenang / Notifikasi tidak agresif / Kontrol privasi / Pengalaman penggunaan jelas,32,Online Moderator,4,Mid level,"2 tahun pengalaman, familiar dengan eskalasi konten, kemampuan pelaporan insiden via formulir digital terstruktur."
Gangguan Mental,UI tenang / Notifikasi tidak agresif / Kontrol privasi / Pengalaman penggunaan jelas,32,Online Moderator,5,Mid level,"Pengalaman 2+ tahun, kemampuan bekerja shift fleksibel, familiar dengan berbagai jenis konten digital, analitis."
Gangguan Mental,UI tenang / Notifikasi tidak agresif / Kontrol privasi / Pengalaman penggunaan jelas,32,Online Moderator,6,Senior level,"3+ tahun, pengalaman senior moderator, kemampuan menyusun panduan moderasi, komunikasi tim via tools teks."
Gangguan Mental,UI tenang / Notifikasi tidak agresif / Kontrol privasi / Pengalaman penggunaan jelas,32,Online Moderator,7,Senior level,"S1/S2 Komunikasi/Hukum, 4+ tahun, kemampuan kebijakan konten, menangani kasus sensitif dengan panduan jelas."
Gangguan Mental,UI tenang / Notifikasi tidak agresif / Kontrol privasi / Pengalaman penggunaan jelas,32,Online Moderator,8,Lead / Manajerial,"5+ tahun, pengalaman lead moderator, mampu menyusun SOP moderasi, koordinasi tim tersebar via async tools."
Gangguan Mental,UI tenang / Notifikasi tidak agresif / Kontrol privasi / Pengalaman penggunaan jelas,32,Online Moderator,9,Lead / Manajerial,"S2 Komunikasi, 6+ tahun, pengalaman kebijakan platform digital, kemampuan membangun tim moderasi yang sehat."
Gangguan Mental,UI tenang / Notifikasi tidak agresif / Kontrol privasi / Pengalaman penggunaan jelas,32,Online Moderator,10,Lead / Manajerial,"8+ tahun, pengalaman direktur trust & safety, strategi moderasi skala besar dengan menjaga wellbeing tim."
Gangguan Mental,UI tenang / Notifikasi tidak agresif / Kontrol privasi / Pengalaman penggunaan jelas,33,Virtual Assistant,1,Entry level,"Lulusan SMA/D3, kemampuan administrasi dasar via email/chat, terbiasa jadwal kerja fleksibel dari rumah."
Gangguan Mental,UI tenang / Notifikasi tidak agresif / Kontrol privasi / Pengalaman penggunaan jelas,33,Virtual Assistant,2,Entry level,"Lulusan S1 semua jurusan, kemampuan manajemen kalender digital, familiar Google Workspace, responsif via teks."
Gangguan Mental,UI tenang / Notifikasi tidak agresif / Kontrol privasi / Pengalaman penggunaan jelas,33,Virtual Assistant,3,Mid level,"S1 semua jurusan, 1-2 tahun pengalaman VA, kemampuan manajemen proyek sederhana, komunikasi tertulis profesional."
Gangguan Mental,UI tenang / Notifikasi tidak agresif / Kontrol privasi / Pengalaman penggunaan jelas,33,Virtual Assistant,4,Mid level,"2 tahun pengalaman, kemampuan multi-klien management, rekam jejak kepercayaan klien, jadwal kerja bisa dikontrol."
Gangguan Mental,UI tenang / Notifikasi tidak agresif / Kontrol privasi / Pengalaman penggunaan jelas,33,Virtual Assistant,5,Mid level,"Pengalaman 2+ tahun, kemampuan research, bookkeeping dasar, komunikasi klien via chat/email, kerja penuh remote."
Gangguan Mental,UI tenang / Notifikasi tidak agresif / Kontrol privasi / Pengalaman penggunaan jelas,33,Virtual Assistant,6,Senior level,"3+ tahun, kemampuan mengelola operasional klien kompleks, menyusun SOP digital, koordinasi vendor via email."
Gangguan Mental,UI tenang / Notifikasi tidak agresif / Kontrol privasi / Pengalaman penggunaan jelas,33,Virtual Assistant,7,Senior level,"S1 Manajemen, 4+ tahun, kemampuan executive assistance remote, manajemen prioritas dengan konfirmasi tertulis."
Gangguan Mental,UI tenang / Notifikasi tidak agresif / Kontrol privasi / Pengalaman penggunaan jelas,33,Virtual Assistant,8,Lead / Manajerial,"5+ tahun, pengalaman agency VA, kemampuan memimpin tim VA kecil via async tools, menjaga standar kualitas."
Gangguan Mental,UI tenang / Notifikasi tidak agresif / Kontrol privasi / Pengalaman penggunaan jelas,33,Virtual Assistant,9,Lead / Manajerial,"S2/S1 Manajemen, 6+ tahun, pengalaman direktur operasional VA agency, strategi skalabilitas layanan remote."
Gangguan Mental,UI tenang / Notifikasi tidak agresif / Kontrol privasi / Pengalaman penggunaan jelas,33,Virtual Assistant,10,Lead / Manajerial,"8+ tahun, pengalaman membangun VA agency inklusif, kemampuan pengembangan bisnis via jaringan digital."
Gangguan Mental,UI tenang / Notifikasi tidak agresif / Kontrol privasi / Pengalaman penggunaan jelas,34,Animator,1,Entry level,"Lulusan SMK Multimedia/D3 DKV, menguasai animasi 2D dasar di Adobe Animate, mampu bekerja mandiri dari studio rumah."
Gangguan Mental,UI tenang / Notifikasi tidak agresif / Kontrol privasi / Pengalaman penggunaan jelas,34,Animator,2,Entry level,"Lulusan S1 DKV/Animasi, portofolio animasi pendek, kemampuan mengikuti storyboard tertulis, kerja remote nyaman."
Gangguan Mental,UI tenang / Notifikasi tidak agresif / Kontrol privasi / Pengalaman penggunaan jelas,34,Animator,3,Mid level,"S1 Animasi, 1-2 tahun pengalaman, mahir frame-by-frame dan tween animation, familiar pipeline animasi tertulis."
Gangguan Mental,UI tenang / Notifikasi tidak agresif / Kontrol privasi / Pengalaman penggunaan jelas,34,Animator,4,Mid level,"2 tahun pengalaman, kemampuan animasi karakter 2D profesional, terbiasa revisi via feedback tertulis/komentar."
Gangguan Mental,UI tenang / Notifikasi tidak agresif / Kontrol privasi / Pengalaman penggunaan jelas,34,Animator,5,Mid level,"Pengalaman 2+ tahun, kemampuan animasi motion graphic untuk digital content, familiar Adobe After Effects."
Gangguan Mental,UI tenang / Notifikasi tidak agresif / Kontrol privasi / Pengalaman penggunaan jelas,34,Animator,6,Senior level,"3+ tahun, pengalaman animasi untuk iklan/game/web, kemampuan menyusun panduan animasi tim, review via komentar."
Gangguan Mental,UI tenang / Notifikasi tidak agresif / Kontrol privasi / Pengalaman penggunaan jelas,34,Animator,7,Senior level,"S1/S2 Animasi/DKV, 4+ tahun, rekam jejak animasi komersial, kemampuan art direction via dokumen dan referensi visual."
Gangguan Mental,UI tenang / Notifikasi tidak agresif / Kontrol privasi / Pengalaman penggunaan jelas,34,Animator,8,Lead / Manajerial,"5+ tahun, pengalaman animation director, kemampuan memimpin tim animator via tools async, menjaga konsistensi gaya."
Gangguan Mental,UI tenang / Notifikasi tidak agresif / Kontrol privasi / Pengalaman penggunaan jelas,34,Animator,9,Lead / Manajerial,"S2 Animasi, 6+ tahun, rekam jejak animasi panjang atau serial, kemampuan menyusun jadwal produksi digital."
Gangguan Mental,UI tenang / Notifikasi tidak agresif / Kontrol privasi / Pengalaman penggunaan jelas,34,Animator,10,Lead / Manajerial,"8+ tahun industri animasi, pengalaman kepala studio animasi remote, strategi produksi inklusif dan berkelanjutan."
Gangguan Mental,UI tenang / Notifikasi tidak agresif / Kontrol privasi / Pengalaman penggunaan jelas,35,Accountant,1,Entry level,"Lulusan S1 Akuntansi, kemampuan pembukuan dasar, familiar software akuntansi, nyaman kerja mandiri dari rumah."
Gangguan Mental,UI tenang / Notifikasi tidak agresif / Kontrol privasi / Pengalaman penggunaan jelas,35,Accountant,2,Entry level,"Lulusan D3 Akuntansi, familiar dengan pajak dasar, kemampuan rekonsiliasi sederhana, komunikasi via email/chat."
Gangguan Mental,UI tenang / Notifikasi tidak agresif / Kontrol privasi / Pengalaman penggunaan jelas,35,Accountant,3,Mid level,"S1 Akuntansi, 1-2 tahun pengalaman, kemampuan laporan keuangan bulanan, familiar cloud accounting remote."
Gangguan Mental,UI tenang / Notifikasi tidak agresif / Kontrol privasi / Pengalaman penggunaan jelas,35,Accountant,4,Mid level,"2 tahun pengalaman, kemampuan audit internal sederhana, familiar PSAK dasar, koordinasi klien via teks."
Gangguan Mental,UI tenang / Notifikasi tidak agresif / Kontrol privasi / Pengalaman penggunaan jelas,35,Accountant,5,Mid level,"Pengalaman 2+ tahun, kemampuan multi-klien accounting, familiar perpajakan, bekerja mandiri dengan checklist digital."
Gangguan Mental,UI tenang / Notifikasi tidak agresif / Kontrol privasi / Pengalaman penggunaan jelas,35,Accountant,6,Senior level,"3+ tahun, pengalaman laporan keuangan konsolidasi, kemampuan review pekerjaan junior via dokumen tertulis."
Gangguan Mental,UI tenang / Notifikasi tidak agresif / Kontrol privasi / Pengalaman penggunaan jelas,35,Accountant,7,Senior level,"S1 Akuntansi + Brevet AB, 4+ tahun, kemampuan tax planning, koordinasi auditor eksternal via email/digital."
Gangguan Mental,UI tenang / Notifikasi tidak agresif / Kontrol privasi / Pengalaman penggunaan jelas,35,Accountant,8,Lead / Manajerial,"5+ tahun, pengalaman finance manager, menyusun kebijakan keuangan, reporting direksi via presentasi digital."
Gangguan Mental,UI tenang / Notifikasi tidak agresif / Kontrol privasi / Pengalaman penggunaan jelas,35,Accountant,9,Lead / Manajerial,"S2 Akuntansi/MBA, 6+ tahun, rekam jejak audit bersih, kemampuan memimpin tim keuangan remote yang sehat."
Gangguan Mental,UI tenang / Notifikasi tidak agresif / Kontrol privasi / Pengalaman penggunaan jelas,35,Accountant,10,Lead / Manajerial,"8+ tahun, pengalaman CFO atau Direktur Keuangan, strategi keuangan inklusif, membangun tim remote yang supportif."
Autisme,Tampilan konsisten / Navigasi stabil / Instruksi jelas / Hindari animasi berlebihan,36,QA Tester,1,Entry level,"Lulusan S1 Informatika/semua jurusan, kemampuan mengikuti test case terstruktur, perhatian tinggi terhadap detail."
Autisme,Tampilan konsisten / Navigasi stabil / Instruksi jelas / Hindari animasi berlebihan,36,QA Tester,2,Entry level,"Bootcamp QA graduate, kemampuan bug reporting tertulis yang detail, familiar dengan Jira, suka keteraturan alur kerja."
Autisme,Tampilan konsisten / Navigasi stabil / Instruksi jelas / Hindari animasi berlebihan,36,QA Tester,3,Mid level,"S1 Informatika, 1-2 tahun pengalaman QA, kemampuan regression testing, familiar tools pengujian dengan SOP jelas."
Autisme,Tampilan konsisten / Navigasi stabil / Instruksi jelas / Hindari animasi berlebihan,36,QA Tester,4,Mid level,"2 tahun pengalaman, kemampuan membuat test plan tertulis sistematis, familiar Selenium/Postman, rekam jejak teliti."
Autisme,Tampilan konsisten / Navigasi stabil / Instruksi jelas / Hindari animasi berlebihan,36,QA Tester,5,Mid level,"Pengalaman 2+ tahun, kemampuan performance testing dasar, familiar dengan Agile cycle yang terstruktur dan dapat diprediksi."
Autisme,Tampilan konsisten / Navigasi stabil / Instruksi jelas / Hindari animasi berlebihan,36,QA Tester,6,Senior level,"3+ tahun, pengalaman lead QA, kemampuan menyusun test strategy, review hasil pengujian via laporan tertulis detail."
Autisme,Tampilan konsisten / Navigasi stabil / Instruksi jelas / Hindari animasi berlebihan,36,QA Tester,7,Senior level,"S1/S2 Informatika, 4+ tahun, kemampuan automation testing (Cypress/Selenium), pengalaman QA di produk skala besar."
Autisme,Tampilan konsisten / Navigasi stabil / Instruksi jelas / Hindari animasi berlebihan,36,QA Tester,8,Lead / Manajerial,"5+ tahun, pengalaman head of QA, mampu menyusun framework pengujian, memimpin tim dengan SOP tertulis jelas."
Autisme,Tampilan konsisten / Navigasi stabil / Instruksi jelas / Hindari animasi berlebihan,36,QA Tester,9,Lead / Manajerial,"S2 Computer Science, 6+ tahun, rekam jejak zero critical bug go-live, kemampuan membangun budaya QA terstruktur."
Autisme,Tampilan konsisten / Navigasi stabil / Instruksi jelas / Hindari animasi berlebihan,36,QA Tester,10,Lead / Manajerial,"8+ tahun, pengalaman direktur kualitas perangkat lunak, strategi quality assurance skala enterprise, inklusif."
Autisme,Tampilan konsisten / Navigasi stabil / Instruksi jelas / Hindari animasi berlebihan,37,Data Entry Specialist,1,Entry level,"Lulusan SMA/SMK, kemampuan mengetik akurat 40+ WPM, teliti, menyukai pekerjaan berulang yang terstruktur jelas."
Autisme,Tampilan konsisten / Navigasi stabil / Instruksi jelas / Hindari animasi berlebihan,37,Data Entry Specialist,2,Entry level,"Lulusan D3 semua jurusan, familiar database sederhana, kemampuan mengikuti SOP tertulis secara konsisten, fokus tinggi."
Autisme,Tampilan konsisten / Navigasi stabil / Instruksi jelas / Hindari animasi berlebihan,37,Data Entry Specialist,3,Mid level,"S1 semua jurusan, 1-2 tahun pengalaman, akurasi 98%+, kemampuan validasi data sederhana, alur kerja predictable."
Autisme,Tampilan konsisten / Navigasi stabil / Instruksi jelas / Hindari animasi berlebihan,37,Data Entry Specialist,4,Mid level,"2 tahun pengalaman, familiar dengan format data beragam, kemampuan batch processing dengan panduan tertulis jelas."
Autisme,Tampilan konsisten / Navigasi stabil / Instruksi jelas / Hindari animasi berlebihan,37,Data Entry Specialist,5,Mid level,"Pengalaman 2+ tahun, kemampuan otomasi input sederhana, familiar Excel/Google Sheets lanjutan, hasil konsisten."
Autisme,Tampilan konsisten / Navigasi stabil / Instruksi jelas / Hindari animasi berlebihan,37,Data Entry Specialist,6,Senior level,"3+ tahun, kemampuan supervisi data pipeline kecil, memastikan konsistensi format, komunikasi via laporan tertulis."
Autisme,Tampilan konsisten / Navigasi stabil / Instruksi jelas / Hindari animasi berlebihan,37,Data Entry Specialist,7,Senior level,"S1 Informatika/Statistik, 4+ tahun, kemampuan desain template input terstruktur, pelatihan tim via panduan tertulis."
Autisme,Tampilan konsisten / Navigasi stabil / Instruksi jelas / Hindari animasi berlebihan,37,Data Entry Specialist,8,Lead / Manajerial,"5+ tahun, pengalaman data manager, menyusun SOP tertulis data entry, audit kualitas data berkala."
Autisme,Tampilan konsisten / Navigasi stabil / Instruksi jelas / Hindari animasi berlebihan,37,Data Entry Specialist,9,Lead / Manajerial,"S2 Manajemen Informasi, 6+ tahun, pengalaman implementasi sistem data terstruktur, kepemimpinan tim dengan SOP jelas."
Autisme,Tampilan konsisten / Navigasi stabil / Instruksi jelas / Hindari animasi berlebihan,37,Data Entry Specialist,10,Lead / Manajerial,"8+ tahun, pengalaman direktur data operations, strategi data governance terstruktur, lingkungan kerja predictable."
Autisme,Tampilan konsisten / Navigasi stabil / Instruksi jelas / Hindari animasi berlebihan,38,Library Assistant,1,Entry level,"Lulusan SMA/D3 semua jurusan, familiar sistem katalog, suka keteraturan, kemampuan bekerja dalam lingkungan tenang."
Autisme,Tampilan konsisten / Navigasi stabil / Instruksi jelas / Hindari animasi berlebihan,38,Library Assistant,2,Entry level,"Lulusan S1 Perpustakaan atau semua jurusan, kemampuan mengikuti prosedur pengarsipan tertulis, teliti dan teratur."
Autisme,Tampilan konsisten / Navigasi stabil / Instruksi jelas / Hindari animasi berlebihan,38,Library Assistant,3,Mid level,"S1 Perpustakaan/Informasi, 1-2 tahun pengalaman, mahir sistem Dewey Decimal, konsisten dalam pengklasifikasian."
Autisme,Tampilan konsisten / Navigasi stabil / Instruksi jelas / Hindari animasi berlebihan,38,Library Assistant,4,Mid level,"2 tahun pengalaman, kemampuan digitalisasi koleksi, familiar software perpustakaan, bekerja mandiri dengan SOP jelas."
Autisme,Tampilan konsisten / Navigasi stabil / Instruksi jelas / Hindari animasi berlebihan,38,Library Assistant,5,Mid level,"Pengalaman 2+ tahun, kemampuan referencing service tertulis, menjaga ketenangan area perpustakaan, teliti."
Autisme,Tampilan konsisten / Navigasi stabil / Instruksi jelas / Hindari animasi berlebihan,38,Library Assistant,6,Senior level,"3+ tahun, pengalaman mengelola koleksi spesifik, kemampuan menyusun panduan layanan tertulis, mandiri."
Autisme,Tampilan konsisten / Navigasi stabil / Instruksi jelas / Hindari animasi berlebihan,38,Library Assistant,7,Senior level,"S1/S2 Ilmu Perpustakaan, 4+ tahun, pengalaman manajemen arsip digital, kemampuan pelatihan sistem via dokumen."
Autisme,Tampilan konsisten / Navigasi stabil / Instruksi jelas / Hindari animasi berlebihan,38,Library Assistant,8,Lead / Manajerial,"5+ tahun, pengalaman kepala perpustakaan departemen, menyusun kebijakan koleksi tertulis, manajemen inventaris."
Autisme,Tampilan konsisten / Navigasi stabil / Instruksi jelas / Hindari animasi berlebihan,38,Library Assistant,9,Lead / Manajerial,"S2 Perpustakaan/Informasi, 6+ tahun, rekam jejak modernisasi perpustakaan, kepemimpinan dengan SOP jelas."
Autisme,Tampilan konsisten / Navigasi stabil / Instruksi jelas / Hindari animasi berlebihan,38,Library Assistant,10,Lead / Manajerial,"8+ tahun, pengalaman direktur perpustakaan, strategi pengembangan koleksi terstruktur, lingkungan kerja konsisten."
Autisme,Tampilan konsisten / Navigasi stabil / Instruksi jelas / Hindari animasi berlebihan,39,Programmer,1,Entry level,"Lulusan S1 Informatika, kemampuan coding terstruktur (Python/Java), dokumentasi kode rapi, familiar environment tetap."
Autisme,Tampilan konsisten / Navigasi stabil / Instruksi jelas / Hindari animasi berlebihan,39,Programmer,2,Entry level,"Bootcamp graduate, portofolio 2-3 project dengan dokumentasi baik, suka problem solving sistematis, async collaboration."
Autisme,Tampilan konsisten / Navigasi stabil / Instruksi jelas / Hindari animasi berlebihan,39,Programmer,3,Mid level,"S1 Informatika, 1-2 tahun pengalaman, kemampuan mengikuti arsitektur yang sudah didefinisikan, code review via PR."
Autisme,Tampilan konsisten / Navigasi stabil / Instruksi jelas / Hindari animasi berlebihan,39,Programmer,4,Mid level,"2 tahun pengalaman, kemampuan membangun fitur dari spesifikasi tertulis detail, familiar dengan sprint cycle yang jelas."
Autisme,Tampilan konsisten / Navigasi stabil / Instruksi jelas / Hindari animasi berlebihan,39,Programmer,5,Mid level,"Pengalaman 2+ tahun, kemampuan testing unit dan integrasi, familiar dengan standar kode yang konsisten, dokumentasi."
Autisme,Tampilan konsisten / Navigasi stabil / Instruksi jelas / Hindari animasi berlebihan,39,Programmer,6,Senior level,"3+ tahun, kemampuan arsitektur komponen, menyusun dokumentasi teknis mendalam, code review via komentar tertulis."
Autisme,Tampilan konsisten / Navigasi stabil / Instruksi jelas / Hindari animasi berlebihan,39,Programmer,7,Senior level,"S1/S2 Informatika, 4+ tahun, kemampuan backend kompleks, pengalaman sistem yang mapan dan terstruktur."
Autisme,Tampilan konsisten / Navigasi stabil / Instruksi jelas / Hindari animasi berlebihan,39,Programmer,8,Lead / Manajerial,"5+ tahun, pengalaman tech lead, menyusun standar kode tertulis, memimpin sprint via tools dengan SOP jelas."
Autisme,Tampilan konsisten / Navigasi stabil / Instruksi jelas / Hindari animasi berlebihan,39,Programmer,9,Lead / Manajerial,"S2 Computer Science, 6+ tahun, rekam jejak sistem skalabel, kemampuan membangun tim engineering dengan kultur jelas."
Autisme,Tampilan konsisten / Navigasi stabil / Instruksi jelas / Hindari animasi berlebihan,39,Programmer,10,Lead / Manajerial,"8+ tahun, pengalaman engineering director, strategi teknis terstruktur, lingkungan kerja predictable dan inklusif."
Autisme,Tampilan konsisten / Navigasi stabil / Instruksi jelas / Hindari animasi berlebihan,40,Archivist,1,Entry level,"Lulusan S1 Sejarah/Perpustakaan, kemampuan pengarsipan sistematis, suka keteraturan dan konsistensi prosedur."
Autisme,Tampilan konsisten / Navigasi stabil / Instruksi jelas / Hindari animasi berlebihan,40,Archivist,2,Entry level,"Lulusan D3/S1 semua jurusan, kemampuan mengikuti panduan pengarsipan tertulis, teliti, familiar metadata dasar."
Autisme,Tampilan konsisten / Navigasi stabil / Instruksi jelas / Hindari animasi berlebihan,40,Archivist,3,Mid level,"S1 Perpustakaan/Sejarah, 1-2 tahun pengalaman, kemampuan pengarsipan digital, familiar EAD atau Dublin Core."
Autisme,Tampilan konsisten / Navigasi stabil / Instruksi jelas / Hindari animasi berlebihan,40,Archivist,4,Mid level,"2 tahun pengalaman, kemampuan preservation dokumen fisik dan digital, bekerja dengan standar dan prosedur jelas."
Autisme,Tampilan konsisten / Navigasi stabil / Instruksi jelas / Hindari animasi berlebihan,40,Archivist,5,Mid level,"Pengalaman 2+ tahun, kemampuan digitalisasi arsip skala besar, familiar dengan software pengarsipan terstandarisasi."
Autisme,Tampilan konsisten / Navigasi stabil / Instruksi jelas / Hindari animasi berlebihan,40,Archivist,6,Senior level,"3+ tahun, pengalaman mengelola koleksi arsip besar, menyusun panduan pengarsipan tertulis, kerja mandiri."
Autisme,Tampilan konsisten / Navigasi stabil / Instruksi jelas / Hindari animasi berlebihan,40,Archivist,7,Senior level,"S1/S2 Ilmu Perpustakaan, 4+ tahun, kemampuan appraisal arsip, familiar standar internasional (ICA), terstruktur."
Autisme,Tampilan konsisten / Navigasi stabil / Instruksi jelas / Hindari animasi berlebihan,40,Archivist,8,Lead / Manajerial,"5+ tahun, pengalaman kepala arsip lembaga, strategi preservasi digital, menyusun kebijakan retensi tertulis."
Autisme,Tampilan konsisten / Navigasi stabil / Instruksi jelas / Hindari animasi berlebihan,40,Archivist,9,Lead / Manajerial,"S2 Ilmu Perpustakaan/Sejarah, 6+ tahun, rekam jejak modernisasi sistem arsip, kepemimpinan dengan prosedur jelas."
Autisme,Tampilan konsisten / Navigasi stabil / Instruksi jelas / Hindari animasi berlebihan,40,Archivist,10,Lead / Manajerial,"8+ tahun, pengalaman direktur arsip nasional/regional, strategi warisan digital terstruktur dan berkelanjutan."
Acquired Brain Injury,Navigasi sederhana / Pengingat / Tampilan tidak membingungkan / Bantuan visual & audio,41,Art Therapist Assistant,1,Entry level,"Lulusan S1 Psikologi/Seni Rupa, empati tinggi, kemampuan mengikuti arahan terapis utama, adaptif dan sabar."
Acquired Brain Injury,Navigasi sederhana / Pengingat / Tampilan tidak membingungkan / Bantuan visual & audio,41,Art Therapist Assistant,2,Entry level,"Lulusan D3/S1, pengalaman volunteering dengan populasi rentan, kemampuan memfasilitasi aktivitas kreatif sederhana."
Acquired Brain Injury,Navigasi sederhana / Pengingat / Tampilan tidak membingungkan / Bantuan visual & audio,41,Art Therapist Assistant,3,Mid level,"S1 Psikologi/Konseling, 1-2 tahun pengalaman, familiar teknik art therapy dasar, komunikasi adaptif per individu."
Acquired Brain Injury,Navigasi sederhana / Pengingat / Tampilan tidak membingungkan / Bantuan visual & audio,41,Art Therapist Assistant,4,Mid level,"2 tahun pengalaman, kemampuan mendokumentasikan progres klien secara ringkas, bekerja dengan pace klien."
Acquired Brain Injury,Navigasi sederhana / Pengingat / Tampilan tidak membingungkan / Bantuan visual & audio,41,Art Therapist Assistant,5,Mid level,"Pengalaman 2+ tahun, kemampuan fasilitasi kelompok kecil art therapy, familiar dengan kebutuhan neurorehabilitasi."
Acquired Brain Injury,Navigasi sederhana / Pengingat / Tampilan tidak membingungkan / Bantuan visual & audio,41,Art Therapist Assistant,6,Senior level,"3+ tahun, kemampuan merancang sesi terapi seni mandiri, komunikasi laporan progres ke terapis utama secara tertulis."
Acquired Brain Injury,Navigasi sederhana / Pengingat / Tampilan tidak membingungkan / Bantuan visual & audio,41,Art Therapist Assistant,7,Senior level,"S1/S2 Psikologi + sertifikasi art therapy, 4+ tahun, pengalaman pasien ABI, kemampuan program terapeutik adaptif."
Acquired Brain Injury,Navigasi sederhana / Pengingat / Tampilan tidak membingungkan / Bantuan visual & audio,41,Art Therapist Assistant,8,Lead / Manajerial,"5+ tahun, pengalaman lead art therapist assistant, menyusun panduan sesi terapi, koordinasi tim via catatan tertulis."
Acquired Brain Injury,Navigasi sederhana / Pengingat / Tampilan tidak membingungkan / Bantuan visual & audio,41,Art Therapist Assistant,9,Lead / Manajerial,"S2 Psikologi/Art Therapy, 6+ tahun, pengalaman mengembangkan program neurorehabilitasi berbasis seni, rekam jejak."
Acquired Brain Injury,Navigasi sederhana / Pengingat / Tampilan tidak membingungkan / Bantuan visual & audio,41,Art Therapist Assistant,10,Lead / Manajerial,"8+ tahun, pengalaman direktur program terapi, strategi program rehabilitasi holistik, kolaborasi multidisiplin."
Acquired Brain Injury,Navigasi sederhana / Pengingat / Tampilan tidak membingungkan / Bantuan visual & audio,42,Administrative Clerk,1,Entry level,"Lulusan SMA/SMK, kemampuan administrasi dasar dengan tugas yang jelas dan berulang, familiar pengolah kata/spreadsheet."
Acquired Brain Injury,Navigasi sederhana / Pengingat / Tampilan tidak membingungkan / Bantuan visual & audio,42,Administrative Clerk,2,Entry level,"Lulusan D3 semua jurusan, kemampuan mengikuti prosedur administrasi tertulis, teliti, bekerja dengan pace sendiri."
Acquired Brain Injury,Navigasi sederhana / Pengingat / Tampilan tidak membingungkan / Bantuan visual & audio,42,Administrative Clerk,3,Mid level,"S1 semua jurusan, 1-2 tahun pengalaman, kemampuan administrasi bertahap, familiar perangkat lunak kantor, adaptif."
Acquired Brain Injury,Navigasi sederhana / Pengingat / Tampilan tidak membingungkan / Bantuan visual & audio,42,Administrative Clerk,4,Mid level,"2 tahun pengalaman, kemampuan korespondensi tertulis profesional, pengelolaan arsip digital dengan panduan jelas."
Acquired Brain Injury,Navigasi sederhana / Pengingat / Tampilan tidak membingungkan / Bantuan visual & audio,42,Administrative Clerk,5,Mid level,"Pengalaman 2+ tahun, kemampuan multi-tasking terbatas dengan prioritas yang jelas, koordinasi via email/dokumen."
Acquired Brain Injury,Navigasi sederhana / Pengingat / Tampilan tidak membingungkan / Bantuan visual & audio,42,Administrative Clerk,6,Senior level,"3+ tahun, kemampuan administrasi kompleks dengan daftar tugas tertulis, supervisi light untuk tim kecil."
Acquired Brain Injury,Navigasi sederhana / Pengingat / Tampilan tidak membingungkan / Bantuan visual & audio,42,Administrative Clerk,7,Senior level,"S1 Administrasi/Manajemen, 4+ tahun, pengalaman office management, menyusun SOP administrasi sederhana."
Acquired Brain Injury,Navigasi sederhana / Pengingat / Tampilan tidak membingungkan / Bantuan visual & audio,42,Administrative Clerk,8,Lead / Manajerial,"5+ tahun, pengalaman senior admin, kemampuan melatih staf baru, mengelola alur kerja dengan panduan tertulis jelas."
Acquired Brain Injury,Navigasi sederhana / Pengingat / Tampilan tidak membingungkan / Bantuan visual & audio,42,Administrative Clerk,9,Lead / Manajerial,"S2 Administrasi, 6+ tahun, pengalaman kepala administrasi, mampu menyusun sistem kerja bertahap yang inklusif."
Acquired Brain Injury,Navigasi sederhana / Pengingat / Tampilan tidak membingungkan / Bantuan visual & audio,42,Administrative Clerk,10,Lead / Manajerial,"8+ tahun, pengalaman direktur administrasi, strategi sistem kerja supportif, lingkungan kerja yang akomodatif."
Acquired Brain Injury,Navigasi sederhana / Pengingat / Tampilan tidak membingungkan / Bantuan visual & audio,43,Craft/Artisan Worker,1,Entry level,"Kemampuan kerajinan tangan dasar (anyaman, lukis, jahit) sesuai keahlian sisa, dengan pendampingan dan instruksi bertahap."
Acquired Brain Injury,Navigasi sederhana / Pengingat / Tampilan tidak membingungkan / Bantuan visual & audio,43,Craft/Artisan Worker,2,Entry level,"Memiliki keterampilan craft spesifik yang dapat dikembangkan, kemampuan mengikuti panduan bergambar langkah per langkah."
Acquired Brain Injury,Navigasi sederhana / Pengingat / Tampilan tidak membingungkan / Bantuan visual & audio,43,Craft/Artisan Worker,3,Mid level,"6+ bulan pengalaman, kemampuan menghasilkan produk craft yang dapat dijual, bekerja dengan instruksi terstruktur."
Acquired Brain Injury,Navigasi sederhana / Pengingat / Tampilan tidak membingungkan / Bantuan visual & audio,43,Craft/Artisan Worker,4,Mid level,"1 tahun pengalaman, kemampuan craft spesifik (misal: batik tulis tangan kiri, keramik) dengan adaptasi alat sesuai kebutuhan."
Acquired Brain Injury,Navigasi sederhana / Pengingat / Tampilan tidak membingungkan / Bantuan visual & audio,43,Craft/Artisan Worker,5,Mid level,"1-2 tahun pengalaman, kemampuan mengikuti desain dari referensi visual, kualitas produk konsisten dengan bantuan ringan."
Acquired Brain Injury,Navigasi sederhana / Pengingat / Tampilan tidak membingungkan / Bantuan visual & audio,43,Craft/Artisan Worker,6,Senior level,"2+ tahun pengalaman, kemampuan menghasilkan produk secara semi-mandiri, berkomunikasi kebutuhan alat via gambar."
Acquired Brain Injury,Navigasi sederhana / Pengingat / Tampilan tidak membingungkan / Bantuan visual & audio,43,Craft/Artisan Worker,7,Senior level,"3 tahun pengalaman, kemampuan craft khas yang menjadi keunggulan, rekam jejak produk terjual, adaptasi mandiri."
Acquired Brain Injury,Navigasi sederhana / Pengingat / Tampilan tidak membingungkan / Bantuan visual & audio,43,Craft/Artisan Worker,8,Lead / Manajerial,"4+ tahun pengalaman, kemampuan menunjukkan teknik ke sesama pekerja, menjadi inspirasi tim, bangga dengan karya."
Acquired Brain Injury,Navigasi sederhana / Pengingat / Tampilan tidak membingungkan / Bantuan visual & audio,43,Craft/Artisan Worker,9,Lead / Manajerial,"5+ tahun, kemampuan menghasilkan karya premium yang diminati pasar, menjadi wajah produk inklusif perusahaan."
Acquired Brain Injury,Navigasi sederhana / Pengingat / Tampilan tidak membingungkan / Bantuan visual & audio,43,Craft/Artisan Worker,10,Lead / Manajerial,"Pengalaman panjang dengan keahlian khas yang terus berkembang, peran model bagi pekerja dengan kondisi serupa."
Acquired Brain Injury,Navigasi sederhana / Pengingat / Tampilan tidak membingungkan / Bantuan visual & audio,44,Customer Support Agent,1,Entry level,"Lulusan SMA/D3, kemampuan komunikasi tertulis yang jelas, ramah, dengan script dan panduan kerja tertulis yang jelas."
Acquired Brain Injury,Navigasi sederhana / Pengingat / Tampilan tidak membingungkan / Bantuan visual & audio,44,Customer Support Agent,2,Entry level,"Lulusan S1, kemampuan mengikuti SOP support tertulis bertahap, sabar, familiar dengan template respons yang terstruktur."
Acquired Brain Injury,Navigasi sederhana / Pengingat / Tampilan tidak membingungkan / Bantuan visual & audio,44,Customer Support Agent,3,Mid level,"S1 semua jurusan, 1-2 tahun pengalaman, kemampuan menangani tiket dengan panduan jelas, komunikasi via teks."
Acquired Brain Injury,Navigasi sederhana / Pengingat / Tampilan tidak membingungkan / Bantuan visual & audio,44,Customer Support Agent,4,Mid level,"2 tahun pengalaman, kemampuan menyelesaikan tiket standar secara mandiri, eskalasi via prosedur tertulis."
Acquired Brain Injury,Navigasi sederhana / Pengingat / Tampilan tidak membingungkan / Bantuan visual & audio,44,Customer Support Agent,5,Mid level,"Pengalaman 2+ tahun, kemampuan manajemen antrian dengan sistem terstruktur, familiar CRM dengan alur kerja jelas."
Acquired Brain Injury,Navigasi sederhana / Pengingat / Tampilan tidak membingungkan / Bantuan visual & audio,44,Customer Support Agent,6,Senior level,"3+ tahun, kemampuan menangani kasus kompleks dengan panduan eskalasi, koordinasi tim via notes tertulis ringkas."
Acquired Brain Injury,Navigasi sederhana / Pengingat / Tampilan tidak membingungkan / Bantuan visual & audio,44,Customer Support Agent,7,Senior level,"S1 semua jurusan, 4+ tahun, kemampuan menyusun template support, melatih junior via dokumen langkah per langkah."
Acquired Brain Injury,Navigasi sederhana / Pengingat / Tampilan tidak membingungkan / Bantuan visual & audio,44,Customer Support Agent,8,Lead / Manajerial,"5+ tahun, pengalaman team lead, menyusun SOP bertahap yang inklusif, manajemen KPI sederhana via dashboard."
Acquired Brain Injury,Navigasi sederhana / Pengingat / Tampilan tidak membingungkan / Bantuan visual & audio,44,Customer Support Agent,9,Lead / Manajerial,"S2 Manajemen, 6+ tahun, pengalaman kepala support, strategi layanan dengan lingkungan kerja yang akomodatif."
Acquired Brain Injury,Navigasi sederhana / Pengingat / Tampilan tidak membingungkan / Bantuan visual & audio,44,Customer Support Agent,10,Lead / Manajerial,"8+ tahun, pengalaman direktur customer experience, membangun tim support inklusif, strategi rehabilitasi vokasional."
Acquired Brain Injury,Navigasi sederhana / Pengingat / Tampilan tidak membingungkan / Bantuan visual & audio,45,Horticultural Therapist Assistant,1,Entry level,"Lulusan S1 Psikologi/Pertanian, empati tinggi, suka berkebun, kemampuan memfasilitasi aktivitas hortikultura sederhana."
Acquired Brain Injury,Navigasi sederhana / Pengingat / Tampilan tidak membingungkan / Bantuan visual & audio,45,Horticultural Therapist Assistant,2,Entry level,"Lulusan D3/S1, pengalaman volunteering dengan penderita cedera/penyakit, kemampuan instruksi bertahap dan jelas."
Acquired Brain Injury,Navigasi sederhana / Pengingat / Tampilan tidak membingungkan / Bantuan visual & audio,45,Horticultural Therapist Assistant,3,Mid level,"S1 Psikologi/Pertanian, 1-2 tahun pengalaman, kemampuan merancang sesi berkebun terapeutik dengan panduan jelas."
Acquired Brain Injury,Navigasi sederhana / Pengingat / Tampilan tidak membingungkan / Bantuan visual & audio,45,Horticultural Therapist Assistant,4,Mid level,"2 tahun pengalaman, familiar dengan kebutuhan khusus pasien neurologi, dokumentasi progres via format sederhana."
Acquired Brain Injury,Navigasi sederhana / Pengingat / Tampilan tidak membingungkan / Bantuan visual & audio,45,Horticultural Therapist Assistant,5,Mid level,"Pengalaman 2+ tahun, kemampuan adaptasi alat berkebun untuk klien dengan keterbatasan motorik, kreatif."
Acquired Brain Injury,Navigasi sederhana / Pengingat / Tampilan tidak membingungkan / Bantuan visual & audio,45,Horticultural Therapist Assistant,6,Senior level,"3+ tahun, kemampuan mengembangkan program terapi hortikultura mandiri, laporan progres tertulis ke tim medis."
Acquired Brain Injury,Navigasi sederhana / Pengingat / Tampilan tidak membingungkan / Bantuan visual & audio,45,Horticultural Therapist Assistant,7,Senior level,"S1/S2 Psikologi + sertifikasi horticultural therapy, 4+ tahun, pengalaman pasien ABI, program terapeutik terstruktur."
Acquired Brain Injury,Navigasi sederhana / Pengingat / Tampilan tidak membingungkan / Bantuan visual & audio,45,Horticultural Therapist Assistant,8,Lead / Manajerial,"5+ tahun, pengalaman lead therapist assistant, menyusun kurikulum sesi, koordinasi lintas tim medis."
Acquired Brain Injury,Navigasi sederhana / Pengingat / Tampilan tidak membingungkan / Bantuan visual & audio,45,Horticultural Therapist Assistant,9,Lead / Manajerial,"S2 Horticultural Therapy/Psikologi, 6+ tahun, pengalaman pengembangan program rehabilitasi berbasis alam, publikasi."
Acquired Brain Injury,Navigasi sederhana / Pengingat / Tampilan tidak membingungkan / Bantuan visual & audio,45,Horticultural Therapist Assistant,10,Lead / Manajerial,"8+ tahun, pengalaman direktur program terapi alam, strategi integrasi terapi hortikultura dalam sistem rehabilitasi."
