kandidat_id,disability_type,skills,functional_profile
K001,Gangguan Penglihatan (Tunanetra),"R, Power BI, NumPy, Tableau, Machine Learning Dasar","Mengalami gangguan penglihatan total sejak lahir dan telah mengembangkan keahlian profesional di bidang analisis data dan business intelligence menggunakan JAWS, display braille, dan braille note taker. Lulus dari S1 Teknik Informatika dengan dukungan teknologi asistif penuh. Mampu bekerja mandiri dan hanya membutuhkan lingkungan kerja yang kompatibel dengan screen reader."
K002,Gangguan Pendengaran / Tuli (Tunarungu),"TypeScript, Git, Bootstrap, React, Node.js","Gangguan pendengaran total yang diatasi dengan penggunaan BISINDO dan teks digital. Latar belakang S1 Sistem Informasi, sangat kompeten dalam HTML/CSS dan JavaScript untuk bidang pengembangan web. Lebih menyukai komunikasi via Slack, email, atau dokumen tertulis dan dapat berkontribusi penuh dalam tim yang inklusif."
K003,Gangguan Daksa Tangan,"SQLite, Swift, Kotlin, Flutter",Gangguan motorik pada tangan yang teratasi dengan penggunaan voice recognition (Dragon NaturallySpeaking) dan mouse trackball. Lulusan D3 Manajemen Informatika yang berpengalaman di bidang pengembangan aplikasi mobile. Sangat produktif menggunakan Flutter dan Dart dan membutuhkan workstation dengan setup ergonomis yang mendukung.
K004,Gangguan Spektrum Autisme,"Wireframing, Sketch, Adobe XD, Design System","Individu dengan autisme fungsional tinggi (Asperger) yang memiliki kemampuan analitis dan pattern recognition yang sangat baik untuk pekerjaan desain antarmuka pengguna. Latar belakang S1 Matematika (konsentrasi komputasi), menguasai Figma dan Prototyping Tools secara mendalam. Lebih menyukai komunikasi tertulis dan lingkungan kerja yang terstruktur dengan rutinitas yang konsisten."
K005,Gangguan Daksa Kaki,"Jurnal Keuangan, Pajak, Accurate, Akuntansi, Rekonsiliasi Bank","Mengalami kelumpuhan kaki akibat polio dan menggunakan kursi roda listrik untuk mobilitas. Lulusan S1 Ilmu Administrasi Negara, sangat kompeten dalam Microsoft Excel dan Google Sheets untuk pekerjaan entri data dan pengelolaan database. Bekerja paling efektif di kantor dengan fasilitas aksesibel atau secara remote penuh."
K006,Gangguan Bicara (Tunawicara),"Copywriting, Analitik Media Sosial, Email Marketing, SEO, Google Ads",Tunawicara yang berkomunikasi menggunakan text-to-speech dan teks tertulis. Latar belakang S1 Manajemen dengan keahlian mendalam dalam Google Ads dan Meta Ads untuk bidang pemasaran digital. Lebih efektif dalam lingkungan kerja yang tidak mensyaratkan presentasi verbal tatap muka secara intensif.
K007,Gangguan Mental / Psikososial,"Penanganan Keluhan, Live Chat, CRM, Problem Solving","Penyandang PTSD pasca kerja yang kini telah pulih dan aktif di bidang layanan pelanggan. Lulusan S1 Psikologi, terampil menggunakan platform live chat dan helpdesk. Bekerja paling baik dalam tim yang suportif dengan komunikasi yang terbuka dan tidak ada budaya blame."
K008,Gangguan Spektrum Autisme,"Ansible, Docker, GCP, Kubernetes","Penyandang GSA yang telah berkarir sukses di bidang pengembangan backend dan arsitektur sistem berkat kemampuan analitis yang kuat dan dedikasi terhadap akurasi. Latar belakang S2 Ilmu Komputer, menguasai FastAPI dan Redis. Bekerja paling efektif dengan panduan tugas tertulis yang detail dan feedback yang langsung serta spesifik."
K009,Acquired Brain Injury (ABI),"QA Documentation, Cypress, Selenium, Postman, Katalon, Test Case","Mengalami cedera otak akibat kecelakaan lalu lintas yang memengaruhi memori jangka pendek, namun kemampuan teknis di bidang quality assurance dan pengujian perangkat lunak tetap terjaga. Lulusan D4 Rekayasa Perangkat Lunak, terampil dalam Selenium dan Postman. Bekerja menggunakan alat bantu seperti reminder digital, catatan terstruktur, dan aplikasi manajemen tugas untuk mengkompensasi keterbatasan memori."
K010,Gangguan Intelektual,"Pengarsipan, Administrasi Perkantoran, Manajemen Jadwal, Notulensi, Microsoft Office","Gangguan intelektual ringan yang tidak menghalangi kontribusi nyata di bidang administrasi perkantoran. Lulusan D3 Akuntansi dengan fokus pada keterampilan praktis. Membutuhkan panduan kerja yang jelas, umpan balik rutin, dan lingkungan yang tidak berubah-ubah untuk memaksimalkan performa."
K011,Gangguan Penglihatan (Tunanetra),"Motion Graphics, Adobe Illustrator, CorelDRAW, Canva, Tipografi, Branding",Lulusan S1 Marketing yang bekerja sepenuhnya menggunakan screen reader NVDA dan JAWS untuk mengoperasikan komputer dalam pekerjaan desain antarmuka pengguna. Sangat terampil dalam Sketch dan InVision yang diakses melalui antarmuka berbasis keyboard dan teknologi bantu. Membutuhkan perangkat lunak aksesibilitas yang terpasang di workstation dan dokumentasi yang tersedia dalam format digital yang dapat dibaca screen reader.
K012,Gangguan Daksa Tangan,"Instagram, Penulisan Konten, CapCut, Editing Video, Copywriting","Mengalami keterbatasan fungsi pada kedua tangan namun telah beradaptasi menggunakan keyboard ergonomis, software voice-to-text, dan perangkat bantu khusus untuk bekerja di bidang pemasaran digital. Lulusan D3 Sekretaris, terampil dalam tools SEO dan analitik media sosial. Efektivitas kerja tidak berkurang dengan dukungan teknologi asistif yang tepat."
K013,Gangguan Mental / Psikososial,"Hubungan Industrial, Pelatihan SDM, LinkedIn Recruiter, HRIS, Rekrutmen, Manajemen Kinerja","Memiliki riwayat gangguan kecemasan (anxiety disorder) yang telah terkelola dengan baik melalui terapi dan pengobatan rutin. Lulusan D3 Akuntansi yang berpengalaman di bidang manajemen sumber daya manusia menggunakan platform rekrutmen digital. Bekerja paling optimal dalam lingkungan yang memiliki ekspektasi kerja yang jelas, tidak terlalu banyak perubahan mendadak, dan mendukung keseimbangan kerja-hidup."
K014,Gangguan Daksa Kaki,"Perencanaan Distribusi, Inventory, Manajemen Gudang, WMS, SAP WM, Microsoft Excel","Mengalami kelumpuhan kaki akibat polio dan menggunakan kursi roda listrik untuk mobilitas. Lulusan S1 Desain Komunikasi Visual, sangat kompeten dalam software entri data perusahaan untuk pekerjaan entri data dan pengelolaan database. Bekerja paling efektif di kantor dengan fasilitas aksesibel atau secara remote penuh."
K015,Gangguan Spektrum Autisme,"Nmap, OWASP, Ethical Hacking, Firewall, Kriptografi","Penyandang GSA yang telah berkarir sukses di bidang jaringan komputer dan infrastruktur IT berkat kemampuan analitis yang kuat dan dedikasi terhadap akurasi. Latar belakang S1 Teknik Informatika, menguasai Cisco dan MikroTik. Bekerja paling efektif dengan panduan tugas tertulis yang detail dan feedback yang langsung serta spesifik."
K016,Acquired Brain Injury (ABI),"Machine Learning Dasar, Python, NumPy, Statistik, R","Penyandang ABI pasca operasi tumor otak yang mengalami pemulihan signifikan. Lulusan S1 Teknik Informatika, kompeten dalam Tableau dan Power BI untuk bidang analisis data dan business intelligence dengan adaptasi penggunaan reminder dan checklist digital. Sangat cocok untuk posisi yang memiliki struktur kerja jelas dan tidak memerlukan respons instan dalam situasi darurat."
K017,Gangguan Penglihatan (Tunanetra),"Penetration Testing, Metasploit, SIEM, Kriptografi, Ethical Hacking, OWASP","Mengalami gangguan penglihatan total sejak lahir dan telah mengembangkan keahlian profesional di bidang keamanan siber menggunakan JAWS, display braille, dan braille note taker. Lulus dari S1 Matematika (konsentrasi komputasi) dengan dukungan teknologi asistif penuh. Mampu bekerja mandiri dan hanya membutuhkan lingkungan kerja yang kompatibel dengan screen reader."
K018,Gangguan Daksa Tangan,"Rekrutmen, Manajemen Kinerja, Payroll, HRIS",Gangguan motorik pada tangan yang teratasi dengan penggunaan voice recognition (Dragon NaturallySpeaking) dan mouse trackball. Lulusan S1 Marketing yang berpengalaman di bidang manajemen sumber daya manusia. Sangat produktif menggunakan platform rekrutmen digital dan membutuhkan workstation dengan setup ergonomis yang mendukung.
K019,Acquired Brain Injury (ABI),"Jetpack Compose, Android, Swift, SQLite","ABI yang memengaruhi fungsi eksekutif seperti perencanaan dan multitasking. Lulusan S1 Ilmu Komputer, menggunakan aplikasi manajemen tugas (Notion, Trello) dan reminder otomatis untuk mendukung produktivitas di bidang pengembangan aplikasi mobile. Sangat terampil dalam Flutter dan Dart dan bekerja terbaik dengan tugas yang terstruktur dan tenggat yang jelas."
K020,Gangguan Bicara (Tunawicara),"Design System, Adobe XD, Figma, User Research",Tunawicara yang berkomunikasi menggunakan text-to-speech dan teks tertulis. Latar belakang S1 Teknik Informatika dengan keahlian mendalam dalam Sketch dan InVision untuk bidang desain antarmuka pengguna. Lebih efektif dalam lingkungan kerja yang tidak mensyaratkan presentasi verbal tatap muka secara intensif.
K021,Gangguan Bicara (Tunawicara),"Notulensi, Administrasi Perkantoran, Pengarsipan, Microsoft Office, Google Workspace","Gangguan wicara (gagap berat) yang tidak memengaruhi kemampuan kognitif dan teknis di bidang administrasi perkantoran. Lulusan S1 Komunikasi yang terampil dalam Microsoft Office dan Google Workspace. Mampu bekerja secara mandiri dan berkolaborasi efektif dalam tim melalui komunikasi tertulis seperti Slack, email, dan dokumen bersama."
K022,Gangguan Spektrum Autisme,"Prototyping, Canva, Wireframing","Penyandang Gangguan Spektrum Autisme (GSA) fungsional tinggi dengan kemampuan hiperfokus dan perhatian terhadap detail yang luar biasa di bidang desain antarmuka pengguna. Lulusan S1 Sistem Informasi, sangat terampil dalam Figma dan Prototyping Tools. Bekerja paling optimal di lingkungan yang tenang, minim gangguan sensorik, dan memiliki ekspektasi tugas yang jelas dan tidak ambigu."
K023,Gangguan Pendengaran / Tuli (Tunarungu),"Supply Chain, ERP, WMS, SAP WM",Penyandang tunarungu dengan kemampuan membaca gerak bibir yang sangat baik dan menggunakan alat bantu dengar untuk situasi tertentu. Lulusan S1 Psikologi yang berpengalaman di bidang logistik dan manajemen rantai pasok. Sangat produktif dalam lingkungan kerja yang tidak bergantung pada komunikasi verbal intensif dan mendukung penggunaan SAP WM.
K024,Gangguan Mental / Psikososial,"Vue.js, JavaScript, TypeScript","Memiliki riwayat gangguan kecemasan (anxiety disorder) yang telah terkelola dengan baik melalui terapi dan pengobatan rutin. Lulusan S1 Teknik Elektro yang berpengalaman di bidang pengembangan web menggunakan Laravel dan MySQL. Bekerja paling optimal dalam lingkungan yang memiliki ekspektasi kerja yang jelas, tidak terlalu banyak perubahan mendadak, dan mendukung keseimbangan kerja-hidup."
K025,Gangguan Pendengaran / Tuli (Tunarungu),"Freshdesk, Zendesk, Komunikasi, Problem Solving, Penanganan Keluhan, Empati","Tunarungu yang sangat terampil dalam bidang layanan pelanggan dengan latar belakang S1 Marketing. Menggunakan closed caption dan subtitle otomatis dalam rapat video, serta mengandalkan komunikasi tertulis untuk koordinasi harian. Keahlian platform live chat dan helpdesk telah terbukti dalam pengalaman kerja sebelumnya."
K026,Gangguan Intelektual,"Pajak, MYOB, Audit Internal","Penyandang gangguan intelektual ringan yang mampu menjalankan pekerjaan operasional secara mandiri setelah masa orientasi. Latar belakang D3 Sekretaris, menguasai dasar-dasar MYOB dan Accurate. Bekerja paling baik dalam lingkungan kerja yang konsisten, suportif, dan memiliki prosedur kerja yang terdokumentasi dengan baik."
K027,Gangguan Daksa Kaki,"R, Pandas, Power BI, Tableau, Google Data Studio, Python","Penyandang tunadaksa kaki dengan kaki prostetik yang memungkinkan mobilitas mandiri. Latar belakang S1 Sistem Informasi, terampil dalam R dan Excel untuk bidang analisis data dan business intelligence. Membutuhkan akses parkir khusus disabilitas dan jalur yang rata atau berslope di gedung kantor."
K028,Gangguan Pendengaran / Tuli (Tunarungu),"Cisco, Monitoring Jaringan, VPN, MikroTik, CCNA, Firewall",Penyandang tunarungu dengan kemampuan membaca gerak bibir yang sangat baik dan menggunakan alat bantu dengar untuk situasi tertentu. Lulusan D3 Teknik Informatika yang berpengalaman di bidang jaringan komputer dan infrastruktur IT. Sangat produktif dalam lingkungan kerja yang tidak bergantung pada komunikasi verbal intensif dan mendukung penggunaan Linux dan Firewall tools.
K029,Gangguan Mental / Psikososial,"Cisco, Monitoring Jaringan, Firewall, Networking","Individu dengan gangguan psikososial yang kini dalam kondisi stabil dan siap kembali ke dunia kerja di bidang jaringan komputer dan infrastruktur IT. Latar belakang S1 Ilmu Komputer, kompeten dalam Cisco dan MikroTik. Sangat cocok untuk posisi yang tidak mensyaratkan tekanan kerja tinggi dan memungkinkan fleksibilitas pendekatan penyelesaian tugas."
K030,Gangguan Daksa Tangan,"OWASP, SIEM, Firewall, Kriptografi, Penetration Testing",Gangguan motorik pada tangan yang teratasi dengan penggunaan voice recognition (Dragon NaturallySpeaking) dan mouse trackball. Lulusan D3 Manajemen Informatika yang berpengalaman di bidang jaringan komputer dan infrastruktur IT. Sangat produktif menggunakan Cisco dan MikroTik dan membutuhkan workstation dengan setup ergonomis yang mendukung.
K031,Gangguan Spektrum Autisme,"Google Workspace, Administrasi Perkantoran, Microsoft Office, Surat Menyurat","Individu dengan autisme fungsional tinggi (Asperger) yang memiliki kemampuan analitis dan pattern recognition yang sangat baik untuk pekerjaan administrasi perkantoran. Latar belakang S1 Komunikasi, menguasai sistem pengarsipan digital secara mendalam. Lebih menyukai komunikasi tertulis dan lingkungan kerja yang terstruktur dengan rutinitas yang konsisten."
K032,Gangguan Bicara (Tunawicara),"Surat Menyurat, Google Workspace, Manajemen Jadwal, Administrasi Perkantoran, Microsoft Office","Penyandang tunawicara yang mengandalkan komunikasi tertulis digital untuk seluruh koordinasi kerja. Latar belakang D3 Sekretaris, ahli dalam Microsoft Office dan Google Workspace untuk bidang administrasi perkantoran. Sangat produktif dalam lingkungan remote maupun kantor yang mengutamakan komunikasi asinkron melalui platform digital."
K033,Gangguan Mental / Psikososial,"Payroll, HRIS, Hubungan Industrial","Penyandang PTSD pasca kerja yang kini telah pulih dan aktif di bidang manajemen sumber daya manusia. Lulusan S1 Psikologi, terampil menggunakan platform rekrutmen digital. Bekerja paling baik dalam tim yang suportif dengan komunikasi yang terbuka dan tidak ada budaya blame."
K034,Gangguan Pendengaran / Tuli (Tunarungu),"Microsoft Excel, Pengetikan Cepat, Accurate",Penyandang tunarungu dengan kemampuan membaca gerak bibir yang sangat baik dan menggunakan alat bantu dengar untuk situasi tertentu. Lulusan D3 Administrasi Bisnis yang berpengalaman di bidang entri data dan pengelolaan database. Sangat produktif dalam lingkungan kerja yang tidak bergantung pada komunikasi verbal intensif dan mendukung penggunaan Microsoft Excel dan Google Sheets.
K035,Gangguan Bicara (Tunawicara),"Empati, Komunikasi, Zendesk, Problem Solving, Penanganan Keluhan","Penyandang tunawicara yang mengandalkan komunikasi tertulis digital untuk seluruh koordinasi kerja. Latar belakang S1 Hubungan Internasional, ahli dalam platform live chat dan helpdesk untuk bidang layanan pelanggan. Sangat produktif dalam lingkungan remote maupun kantor yang mengutamakan komunikasi asinkron melalui platform digital."
K036,Gangguan Bicara (Tunawicara),"PostgreSQL, FastAPI, Spring Boot, Docker, Django",Tunawicara yang berkomunikasi menggunakan text-to-speech dan teks tertulis. Latar belakang D3 Teknik Informatika dengan keahlian mendalam dalam Django dan PostgreSQL untuk bidang pengembangan backend dan arsitektur sistem. Lebih efektif dalam lingkungan kerja yang tidak mensyaratkan presentasi verbal tatap muka secara intensif.
K037,Gangguan Daksa Tangan,"Adobe Illustrator, Tipografi, CorelDRAW, Adobe Photoshop",Gangguan motorik pada tangan yang teratasi dengan penggunaan voice recognition (Dragon NaturallySpeaking) dan mouse trackball. Lulusan S1 Psikologi yang berpengalaman di bidang desain grafis. Sangat produktif menggunakan Canva dan CorelDRAW dan membutuhkan workstation dengan setup ergonomis yang mendukung.
K038,Acquired Brain Injury (ABI),"Notulensi, Administrasi Perkantoran, Google Workspace, Manajemen Jadwal","Acquired Brain Injury akibat stroke yang telah menjalani rehabilitasi intensif selama 18 bulan. Latar belakang D3 Administrasi Bisnis, kini mampu kembali bekerja di bidang administrasi perkantoran menggunakan Microsoft Office dan Google Workspace. Membutuhkan lingkungan kerja dengan tempo yang fleksibel, tugas yang dipecah menjadi langkah-langkah kecil, dan tidak ada tekanan multitasking berlebihan."
K039,Gangguan Daksa Kaki,"Akuntansi, Pajak, Rekonsiliasi Bank","Gangguan daksa kaki (amputasi di bawah lutut) yang diatasi dengan penggunaan kaki prostetik berteknologi modern. Latar belakang S1 Akuntansi, menguasai jurnal keuangan digital untuk bidang akuntansi dan keuangan. Mampu bekerja di kantor dengan akses aksesibel maupun dari rumah tanpa perbedaan produktivitas."
K040,Gangguan Spektrum Autisme,"Tipografi, Motion Graphics, Desain Visual, Canva, Branding, CorelDRAW","Autisme spektrum level 1 dengan keunggulan dalam pemikiran sistematis dan konsistensi kerja di bidang desain antarmuka pengguna. Lulusan D3 Akuntansi, sangat produktif menggunakan Figma dan Adobe XD dalam tugas-tugas yang membutuhkan presisi tinggi. Membutuhkan lingkungan kerja yang tidak terlalu padat secara sosial dan memiliki struktur yang jelas."
K041,Acquired Brain Injury (ABI),"SEO, Digital Marketing, TikTok Ads, Google Ads","Penyandang ABI pasca operasi tumor otak yang mengalami pemulihan signifikan. Lulusan S1 Ilmu Administrasi Negara, kompeten dalam Google Ads dan Meta Ads untuk bidang pemasaran digital dengan adaptasi penggunaan reminder dan checklist digital. Sangat cocok untuk posisi yang memiliki struktur kerja jelas dan tidak memerlukan respons instan dalam situasi darurat."
K042,Gangguan Daksa Kaki,"Facebook Ads, Email Marketing, Content Creation, TikTok Ads",Pengguna kursi roda akibat cedera tulang belakang yang tetap aktif berkarir di bidang pemasaran digital. Lulusan S1 Manajemen yang sangat terampil dalam platform email marketing. Memerlukan meja kerja adjustable height dan jalur aksesibel di seluruh area kantor untuk mobilitas optimal.
K043,Gangguan Pendengaran / Tuli (Tunarungu),"SEO, Digital Marketing, Google Ads, Facebook Ads, Content Creation, Copywriting",Penyandang tunarungu dengan kemampuan membaca gerak bibir yang sangat baik dan menggunakan alat bantu dengar untuk situasi tertentu. Lulusan D3 Sekretaris yang berpengalaman di bidang pemasaran digital. Sangat produktif dalam lingkungan kerja yang tidak bergantung pada komunikasi verbal intensif dan mendukung penggunaan Google Ads dan Meta Ads.
K044,Acquired Brain Injury (ABI),"Microsoft Teams, E-Learning, Kurikulum","Mengalami cedera otak akibat kecelakaan lalu lintas yang memengaruhi memori jangka pendek, namun kemampuan teknis di bidang pendidikan dan pelatihan tetap terjaga. Lulusan S1 Ilmu Administrasi Negara, terampil dalam Microsoft Teams dan Zoom. Bekerja menggunakan alat bantu seperti reminder digital, catatan terstruktur, dan aplikasi manajemen tugas untuk mengkompensasi keterbatasan memori."
K045,Gangguan Spektrum Autisme,"Inventory, Microsoft Excel, Manajemen Gudang, ERP, Perencanaan Distribusi","Individu dengan autisme fungsional tinggi (Asperger) yang memiliki kemampuan analitis dan pattern recognition yang sangat baik untuk pekerjaan entri data dan pengelolaan database. Latar belakang S1 Bahasa Inggris, menguasai Microsoft Excel dan Google Sheets secara mendalam. Lebih menyukai komunikasi tertulis dan lingkungan kerja yang terstruktur dengan rutinitas yang konsisten."
K046,Gangguan Penglihatan (Tunanetra),"Rekrutmen, HRIS, Payroll","Mengalami gangguan penglihatan total sejak lahir dan telah mengembangkan keahlian profesional di bidang manajemen sumber daya manusia menggunakan JAWS, display braille, dan braille note taker. Lulus dari S1 Marketing dengan dukungan teknologi asistif penuh. Mampu bekerja mandiri dan hanya membutuhkan lingkungan kerja yang kompatibel dengan screen reader."
K047,Gangguan Penglihatan (Tunanetra),"Spring Boot, FastAPI, Kubernetes, Microservices, Django, Go",Penyandang low vision yang menggunakan ZoomText dan pengaturan kontras tinggi pada monitor berukuran besar untuk bekerja di bidang pengembangan backend dan arsitektur sistem. Lulusan S1 Ilmu Komputer dengan keahlian FastAPI dan Redis yang terverifikasi. Membutuhkan monitor minimal 27 inci dan software pembesaran layar yang terinstal di workstation.
K048,Gangguan Mental / Psikososial,"MikroTik, Monitoring Jaringan, Linux, Firewall, VPN, CCNA","Penyandang gangguan psikososial (depresi mayor yang terkontrol) yang kembali aktif bekerja di bidang jaringan komputer dan infrastruktur IT. Latar belakang S1 Teknik Elektro, menguasai CCNA dan VPN. Membutuhkan lingkungan kerja yang suportif dan non-stigmatisasi, dengan fleksibilitas jadwal bila diperlukan untuk keperluan medis."
K049,Gangguan Penglihatan (Tunanetra),"Spring Boot, Redis, PostgreSQL","Mengalami gangguan penglihatan total sejak lahir dan telah mengembangkan keahlian profesional di bidang pengembangan backend dan arsitektur sistem menggunakan JAWS, display braille, dan braille note taker. Lulus dari S1 Teknik Elektro dengan dukungan teknologi asistif penuh. Mampu bekerja mandiri dan hanya membutuhkan lingkungan kerja yang kompatibel dengan screen reader."
K050,Acquired Brain Injury (ABI),"Accurate, Pengetikan Cepat, Google Sheets, Ketelitian Data, Spreadsheet","Acquired Brain Injury akibat stroke yang telah menjalani rehabilitasi intensif selama 18 bulan. Latar belakang S1 Desain Komunikasi Visual, kini mampu kembali bekerja di bidang entri data dan pengelolaan database menggunakan software entri data perusahaan. Membutuhkan lingkungan kerja dengan tempo yang fleksibel, tugas yang dipecah menjadi langkah-langkah kecil, dan tidak ada tekanan multitasking berlebihan."
K051,Gangguan Daksa Tangan,"Design System, Sketch, Canva, User Research, Adobe XD","Penyandang gangguan daksa tangan kanan yang telah mengembangkan adaptasi bekerja menggunakan tangan kiri yang dominan dan perangkat bantu ergonomis. Latar belakang D4 Rekayasa Perangkat Lunak, kompeten dalam Figma dan Prototyping Tools untuk bidang desain antarmuka pengguna. Membutuhkan setup meja kerja yang fleksibel dan mouse yang dapat disesuaikan."
K052,Gangguan Pendengaran / Tuli (Tunarungu),"Katalon, QA Documentation, Cypress, Selenium","Tunarungu yang sangat terampil dalam bidang quality assurance dan pengujian perangkat lunak dengan latar belakang D3 Teknik Informatika. Menggunakan closed caption dan subtitle otomatis dalam rapat video, serta mengandalkan komunikasi tertulis untuk koordinasi harian. Keahlian Jira dan tools bug tracking telah terbukti dalam pengalaman kerja sebelumnya."
K053,Gangguan Pendengaran / Tuli (Tunarungu),"Instagram, Penulisan Konten, WordPress","Gangguan pendengaran total yang diatasi dengan penggunaan BISINDO dan teks digital. Latar belakang S1 Akuntansi, sangat kompeten dalam WordPress dan platform blog untuk bidang pembuatan konten digital. Lebih menyukai komunikasi via Slack, email, atau dokumen tertulis dan dapat berkontribusi penuh dalam tim yang inklusif."
K054,Gangguan Daksa Tangan,"Power BI, Excel, Google Data Studio","Mengalami keterbatasan fungsi pada kedua tangan namun telah beradaptasi menggunakan keyboard ergonomis, software voice-to-text, dan perangkat bantu khusus untuk bekerja di bidang analisis data dan business intelligence. Lulusan S1 Teknik Informatika, terampil dalam R dan Excel. Efektivitas kerja tidak berkurang dengan dukungan teknologi asistif yang tepat."
K055,Gangguan Bicara (Tunawicara),"CRM, Empati, Komunikasi, Penanganan Keluhan","Mengalami gangguan bicara berat namun sangat komunikatif melalui tulisan, pesan teks, dan email. Lulusan D3 Administrasi Bisnis yang berpengalaman di bidang layanan pelanggan menggunakan platform live chat dan helpdesk. Pekerjaan berbasis teks sangat cocok; dapat berpartisipasi dalam rapat menggunakan fitur chat atau menggunakan aplikasi text-to-speech bila diperlukan."
K056,Gangguan Intelektual,"CapCut, YouTube, SEO Writing",Individu dengan gangguan intelektual ringan yang telah berhasil bekerja di beberapa posisi entry-level di bidang pembuatan konten digital. Memiliki ketelitian tinggi pada tugas rutin dan terampil menggunakan CapCut dan platform media sosial untuk pekerjaan dasar. Membutuhkan supervisi berkala dan instruksi bertahap yang mudah dipahami.
K057,Gangguan Daksa Tangan,"Canva, Adobe Photoshop, Branding, Motion Graphics, Adobe Illustrator","Penyandang gangguan daksa pada tangan kiri akibat kecelakaan dan kini bekerja penuh menggunakan satu tangan dengan keyboard adaptif. Latar belakang D3 Akuntansi, ahli dalam Figma dan Prototyping Tools untuk bidang desain antarmuka pengguna. Tidak memerlukan asisten khusus, hanya butuh workstation ergonomis yang dapat disesuaikan."
K058,Gangguan Mental / Psikososial,"Postman, Test Case, Jira, Selenium, QA Documentation, Katalon","Memiliki riwayat gangguan kecemasan (anxiety disorder) yang telah terkelola dengan baik melalui terapi dan pengobatan rutin. Lulusan D3 Teknik Informatika yang berpengalaman di bidang quality assurance dan pengujian perangkat lunak menggunakan Cypress dan Katalon. Bekerja paling optimal dalam lingkungan yang memiliki ekspektasi kerja yang jelas, tidak terlalu banyak perubahan mendadak, dan mendukung keseimbangan kerja-hidup."
K059,Gangguan Intelektual,"SIEM, OWASP, Penetration Testing, Nmap","Gangguan intelektual ringan yang tidak menghalangi kontribusi nyata di bidang keamanan siber. Lulusan D3 Manajemen Informatika dengan fokus pada keterampilan praktis. Membutuhkan panduan kerja yang jelas, umpan balik rutin, dan lingkungan yang tidak berubah-ubah untuk memaksimalkan performa."
K060,Gangguan Bicara (Tunawicara),"Adobe Illustrator, Branding, Desain Visual, Canva, Adobe Photoshop","Gangguan wicara (gagap berat) yang tidak memengaruhi kemampuan kognitif dan teknis di bidang desain antarmuka pengguna. Lulusan S1 Bahasa Inggris yang terampil dalam Figma dan Adobe XD. Mampu bekerja secara mandiri dan berkolaborasi efektif dalam tim melalui komunikasi tertulis seperti Slack, email, dan dokumen bersama."
K061,Gangguan Penglihatan (Tunanetra),"MikroTik, Server Management, Networking, VPN",Mengalami gangguan penglihatan sejak usia muda dan kini bekerja mandiri di bidang jaringan komputer dan infrastruktur IT menggunakan screen reader dan perangkat braille. Latar belakang pendidikan D3 Manajemen Informatika yang ditempuh secara inklusif. Sangat produktif dalam pekerjaan berbasis teks dan data menggunakan Linux dan Firewall tools.
K062,Gangguan Mental / Psikososial,"Adobe Illustrator, Motion Graphics, Canva, Tipografi, Adobe Photoshop","Memiliki kondisi bipolar tipe II yang telah stabil dengan pengobatan. Lulusan S1 Marketing, sangat produktif dalam periode stabil untuk pekerjaan desain antarmuka pengguna. Terampil dalam Figma dan Adobe XD dan bekerja paling baik dengan kebijakan kerja fleksibel yang mengakomodasi kebutuhan manajemen kondisi kesehatan."
K063,Gangguan Intelektual,"Statistik, NumPy, Power BI, SQL, Excel, Tableau",Individu dengan gangguan intelektual ringan yang telah berhasil bekerja di beberapa posisi entry-level di bidang analisis data dan business intelligence. Memiliki ketelitian tinggi pada tugas rutin dan terampil menggunakan Tableau dan Power BI untuk pekerjaan dasar. Membutuhkan supervisi berkala dan instruksi bertahap yang mudah dipahami.
K064,Gangguan Daksa Kaki,"Design System, User Research, Adobe XD","Penyandang tunadaksa kaki dengan kaki prostetik yang memungkinkan mobilitas mandiri. Latar belakang S2 Ilmu Komputer, terampil dalam Figma dan Prototyping Tools untuk bidang desain antarmuka pengguna. Membutuhkan akses parkir khusus disabilitas dan jalur yang rata atau berslope di gedung kantor."
K065,Gangguan Bicara (Tunawicara),"AWS, Azure, Linux, Docker, CI/CD","Mengalami gangguan bicara berat namun sangat komunikatif melalui tulisan, pesan teks, dan email. Lulusan S1 Matematika (konsentrasi komputasi) yang berpengalaman di bidang pengembangan backend dan arsitektur sistem menggunakan Spring Boot dan Java. Pekerjaan berbasis teks sangat cocok; dapat berpartisipasi dalam rapat menggunakan fitur chat atau menggunakan aplikasi text-to-speech bila diperlukan."
K066,Gangguan Pendengaran / Tuli (Tunarungu),"Bahasa Mandarin, Bahasa Inggris, Proofreading, Penerjemahan, Bahasa Jepang, Lokalisasi","Tunarungu total sejak lahir dan berkomunikasi menggunakan Bahasa Isyarat Indonesia (BISINDO) serta teks tertulis. Lulusan S1 Psikologi yang sangat terampil dalam SDL Trados dan CAT tools untuk pekerjaan penerjemahan dan lokalisasi. Pekerjaan berbasis teks, email, dan platform pesan sangat sesuai; membutuhkan interpreter BISINDO untuk rapat formal jika diperlukan."
K067,Acquired Brain Injury (ABI),"Adobe Illustrator, Adobe Photoshop, Motion Graphics","Mengalami cedera otak akibat kecelakaan lalu lintas yang memengaruhi memori jangka pendek, namun kemampuan teknis di bidang desain grafis tetap terjaga. Lulusan S1 Desain Komunikasi Visual, terampil dalam Adobe Photoshop dan Illustrator. Bekerja menggunakan alat bantu seperti reminder digital, catatan terstruktur, dan aplikasi manajemen tugas untuk mengkompensasi keterbatasan memori."
K068,Gangguan Spektrum Autisme,"Testing Manual, Bug Tracking, Test Case, Katalon, Jira, Selenium","Individu dengan autisme fungsional tinggi (Asperger) yang memiliki kemampuan analitis dan pattern recognition yang sangat baik untuk pekerjaan quality assurance dan pengujian perangkat lunak. Latar belakang S2 Ilmu Komputer, menguasai Selenium dan Postman secara mendalam. Lebih menyukai komunikasi tertulis dan lingkungan kerja yang terstruktur dengan rutinitas yang konsisten."
K069,Acquired Brain Injury (ABI),"User Research, Figma, Canva, Wireframing, InVision, Sketch","Mengalami cedera otak akibat kecelakaan lalu lintas yang memengaruhi memori jangka pendek, namun kemampuan teknis di bidang desain antarmuka pengguna tetap terjaga. Lulusan D3 Teknik Informatika, terampil dalam Figma dan Prototyping Tools. Bekerja menggunakan alat bantu seperti reminder digital, catatan terstruktur, dan aplikasi manajemen tugas untuk mengkompensasi keterbatasan memori."
K070,Gangguan Mental / Psikososial,"Notulensi, Microsoft Office, Surat Menyurat, Pengarsipan, Google Workspace","Memiliki kondisi bipolar tipe II yang telah stabil dengan pengobatan. Lulusan S1 Hubungan Internasional, sangat produktif dalam periode stabil untuk pekerjaan administrasi perkantoran. Terampil dalam Microsoft Office dan Google Workspace dan bekerja paling baik dengan kebijakan kerja fleksibel yang mengakomodasi kebutuhan manajemen kondisi kesehatan."
K071,Gangguan Intelektual,"MySQL, React, REST API, PHP, Vue.js","Penyandang gangguan intelektual ringan yang mampu menjalankan pekerjaan operasional secara mandiri setelah masa orientasi. Latar belakang D3 Manajemen Informatika, menguasai dasar-dasar Laravel dan MySQL. Bekerja paling baik dalam lingkungan kerja yang konsisten, suportif, dan memiliki prosedur kerja yang terdokumentasi dengan baik."
K072,Gangguan Pendengaran / Tuli (Tunarungu),"Lokalisasi, Bahasa Jepang, Bahasa Mandarin, Proofreading, Bahasa Inggris, Penerjemahan","Tunarungu yang sangat terampil dalam bidang penerjemahan dan lokalisasi dengan latar belakang S1 Komunikasi. Menggunakan closed caption dan subtitle otomatis dalam rapat video, serta mengandalkan komunikasi tertulis untuk koordinasi harian. Keahlian SDL Trados dan CAT tools telah terbukti dalam pengalaman kerja sebelumnya."
K073,Gangguan Daksa Tangan,"Digital Marketing, Google Ads, Copywriting, SEO",Gangguan motorik pada tangan yang teratasi dengan penggunaan voice recognition (Dragon NaturallySpeaking) dan mouse trackball. Lulusan S1 Ekonomi yang berpengalaman di bidang pemasaran digital. Sangat produktif menggunakan tools SEO dan analitik media sosial dan membutuhkan workstation dengan setup ergonomis yang mendukung.
K074,Gangguan Intelektual,"SEO Writing, CapCut, Instagram, Copywriting, Penulisan Konten, WordPress",Individu dengan gangguan intelektual ringan yang telah berhasil bekerja di beberapa posisi entry-level di bidang pemasaran digital. Memiliki ketelitian tinggi pada tugas rutin dan terampil menggunakan tools SEO dan analitik media sosial untuk pekerjaan dasar. Membutuhkan supervisi berkala dan instruksi bertahap yang mudah dipahami.
K075,Gangguan Intelektual,"Bahasa Mandarin, Proofreading, Bahasa Inggris, Penerjemahan",Individu dengan gangguan intelektual ringan yang telah berhasil bekerja di beberapa posisi entry-level di bidang penerjemahan dan lokalisasi. Memiliki ketelitian tinggi pada tugas rutin dan terampil menggunakan SDL Trados dan CAT tools untuk pekerjaan dasar. Membutuhkan supervisi berkala dan instruksi bertahap yang mudah dipahami.
K076,Gangguan Daksa Tangan,"ERP, Supply Chain, WMS","Penyandang gangguan daksa tangan kanan yang telah mengembangkan adaptasi bekerja menggunakan tangan kiri yang dominan dan perangkat bantu ergonomis. Latar belakang S1 Psikologi, kompeten dalam Microsoft Excel dan ERP untuk bidang logistik dan manajemen rantai pasok. Membutuhkan setup meja kerja yang fleksibel dan mouse yang dapat disesuaikan."
K077,Gangguan Pendengaran / Tuli (Tunarungu),"Microsoft Word, Spreadsheet, Accurate","Gangguan pendengaran total yang diatasi dengan penggunaan BISINDO dan teks digital. Latar belakang S1 Komunikasi, sangat kompeten dalam Microsoft Excel dan Google Sheets untuk bidang entri data dan pengelolaan database. Lebih menyukai komunikasi via Slack, email, atau dokumen tertulis dan dapat berkontribusi penuh dalam tim yang inklusif."
K078,Gangguan Daksa Tangan,"Rekrutmen, Payroll, LinkedIn Recruiter, Pelatihan SDM, Manajemen Kinerja","Keterbatasan fungsi tangan sejak lahir yang tidak menghalangi karir profesional di bidang manajemen sumber daya manusia. Lulus dari S1 Bahasa Inggris, menggunakan keyboard satu tangan dan foot mouse sebagai alat bantu. Menguasai software HRIS dengan baik dan terbukti produktif di berbagai lingkungan kerja."
K079,Gangguan Spektrum Autisme,"TikTok Ads, Digital Marketing, SEO, Content Creation, Copywriting","Penyandang GSA yang telah berkarir sukses di bidang pemasaran digital berkat kemampuan analitis yang kuat dan dedikasi terhadap akurasi. Latar belakang S1 Ilmu Administrasi Negara, menguasai platform email marketing. Bekerja paling efektif dengan panduan tugas tertulis yang detail dan feedback yang langsung serta spesifik."
K080,Gangguan Intelektual,"Hubungan Industrial, Payroll, Pelatihan SDM, LinkedIn Recruiter, Manajemen Kinerja","Gangguan intelektual ringan yang tidak menghalangi kontribusi nyata di bidang manajemen sumber daya manusia. Lulusan S1 Hubungan Internasional dengan fokus pada keterampilan praktis. Membutuhkan panduan kerja yang jelas, umpan balik rutin, dan lingkungan yang tidak berubah-ubah untuk memaksimalkan performa."
K081,Gangguan Spektrum Autisme,"Bahasa Inggris, Bahasa Jepang, Proofreading, Lokalisasi, Bahasa Mandarin, SDL Trados","Gangguan Spektrum Autisme dengan kecenderungan hiperfokus pada bidang teknologi dan penerjemahan dan lokalisasi. Lulusan S1 Desain Komunikasi Visual, sangat terampil dalam platform penerjemahan profesional dan terus mengembangkan keahlian secara mandiri. Membutuhkan ruang kerja yang tenang dan komunikasi yang eksplisit tanpa ambiguitas."
K082,Gangguan Spektrum Autisme,"Microservices, Redis, Java","Penyandang Gangguan Spektrum Autisme (GSA) fungsional tinggi dengan kemampuan hiperfokus dan perhatian terhadap detail yang luar biasa di bidang pengembangan backend dan arsitektur sistem. Lulusan D4 Rekayasa Perangkat Lunak, sangat terampil dalam Docker dan Kubernetes. Bekerja paling optimal di lingkungan yang tenang, minim gangguan sensorik, dan memiliki ekspektasi tugas yang jelas dan tidak ambigu."
K083,Gangguan Mental / Psikososial,"Statistik, Python, Power BI, Tableau, SQL, Excel","Individu dengan gangguan psikososial yang kini dalam kondisi stabil dan siap kembali ke dunia kerja di bidang analisis data dan business intelligence. Latar belakang D3 Manajemen Informatika, kompeten dalam Python dan SQL. Sangat cocok untuk posisi yang tidak mensyaratkan tekanan kerja tinggi dan memungkinkan fleksibilitas pendekatan penyelesaian tugas."
K084,Gangguan Bicara (Tunawicara),"FastAPI, Java, Spring Boot, Python","Gangguan wicara (gagap berat) yang tidak memengaruhi kemampuan kognitif dan teknis di bidang analisis data dan business intelligence. Lulusan D3 Teknik Informatika yang terampil dalam Python dan SQL. Mampu bekerja secara mandiri dan berkolaborasi efektif dalam tim melalui komunikasi tertulis seperti Slack, email, dan dokumen bersama."
K085,Gangguan Penglihatan (Tunanetra),"Microsoft Word, Ketelitian Data, Accurate, Spreadsheet",Mengalami gangguan penglihatan sejak usia muda dan kini bekerja mandiri di bidang entri data dan pengelolaan database menggunakan screen reader dan perangkat braille. Latar belakang pendidikan D3 Akuntansi yang ditempuh secara inklusif. Sangat produktif dalam pekerjaan berbasis teks dan data menggunakan Microsoft Excel dan Google Sheets.
K086,Gangguan Spektrum Autisme,"Server Management, CCNA, VPN, Linux, Monitoring Jaringan","Autisme spektrum level 1 dengan keunggulan dalam pemikiran sistematis dan konsistensi kerja di bidang jaringan komputer dan infrastruktur IT. Lulusan S1 Sistem Informasi, sangat produktif menggunakan Linux dan Firewall tools dalam tugas-tugas yang membutuhkan presisi tinggi. Membutuhkan lingkungan kerja yang tidak terlalu padat secara sosial dan memiliki struktur yang jelas."
K087,Gangguan Spektrum Autisme,"Tableau, NumPy, Python","Individu dengan autisme fungsional tinggi (Asperger) yang memiliki kemampuan analitis dan pattern recognition yang sangat baik untuk pekerjaan analisis data dan business intelligence. Latar belakang S2 Ilmu Komputer, menguasai R dan Excel secara mendalam. Lebih menyukai komunikasi tertulis dan lingkungan kerja yang terstruktur dengan rutinitas yang konsisten."
K088,Gangguan Intelektual,"Motion Graphics, Canva, Branding, Tipografi",Individu dengan gangguan intelektual ringan yang telah berhasil bekerja di beberapa posisi entry-level di bidang desain antarmuka pengguna. Memiliki ketelitian tinggi pada tugas rutin dan terampil menggunakan Sketch dan InVision untuk pekerjaan dasar. Membutuhkan supervisi berkala dan instruksi bertahap yang mudah dipahami.
K089,Gangguan Spektrum Autisme,"Excel, Pandas, NumPy","Penyandang Gangguan Spektrum Autisme (GSA) fungsional tinggi dengan kemampuan hiperfokus dan perhatian terhadap detail yang luar biasa di bidang analisis data dan business intelligence. Lulusan D4 Rekayasa Perangkat Lunak, sangat terampil dalam Python dan SQL. Bekerja paling optimal di lingkungan yang tenang, minim gangguan sensorik, dan memiliki ekspektasi tugas yang jelas dan tidak ambigu."
K090,Gangguan Mental / Psikososial,"Google Data Studio, Python, Tableau, Statistik, Pandas","Memiliki kondisi bipolar tipe II yang telah stabil dengan pengobatan. Lulusan S1 Teknik Komputer, sangat produktif dalam periode stabil untuk pekerjaan analisis data dan business intelligence. Terampil dalam R dan Excel dan bekerja paling baik dengan kebijakan kerja fleksibel yang mengakomodasi kebutuhan manajemen kondisi kesehatan."
K091,Gangguan Intelektual,"Analitik Media Sosial, Google Ads, Copywriting, SEO, Email Marketing","Mengalami gangguan intelektual ringan dan bekerja paling efektif pada tugas-tugas yang terstruktur, berulang, dan memiliki instruksi yang jelas. Lulusan S1 Akuntansi dengan dukungan program pendidikan inklusif. Terampil dalam platform email marketing untuk bidang pemasaran digital dan sangat dapat diandalkan dalam menyelesaikan tugas rutin dengan supervisi minimal."
K092,Gangguan Pendengaran / Tuli (Tunarungu),"Lokalisasi, Bahasa Inggris, Penerjemahan",Penyandang tunarungu dengan kemampuan membaca gerak bibir yang sangat baik dan menggunakan alat bantu dengar untuk situasi tertentu. Lulusan S1 Bahasa Inggris yang berpengalaman di bidang penerjemahan dan lokalisasi. Sangat produktif dalam lingkungan kerja yang tidak bergantung pada komunikasi verbal intensif dan mendukung penggunaan platform penerjemahan profesional.
K093,Gangguan Daksa Tangan,"Notulensi, Surat Menyurat, Manajemen Jadwal",Gangguan motorik pada tangan yang teratasi dengan penggunaan voice recognition (Dragon NaturallySpeaking) dan mouse trackball. Lulusan D3 Akuntansi yang berpengalaman di bidang administrasi perkantoran. Sangat produktif menggunakan sistem pengarsipan digital dan membutuhkan workstation dengan setup ergonomis yang mendukung.
K094,Gangguan Penglihatan (Tunanetra),"CCNA, Networking, Server Management, Linux, VPN","Mengalami gangguan penglihatan total sejak lahir dan telah mengembangkan keahlian profesional di bidang jaringan komputer dan infrastruktur IT menggunakan JAWS, display braille, dan braille note taker. Lulus dari S1 Teknik Informatika dengan dukungan teknologi asistif penuh. Mampu bekerja mandiri dan hanya membutuhkan lingkungan kerja yang kompatibel dengan screen reader."
K095,Gangguan Penglihatan (Tunanetra),"SIEM, Penetration Testing, Metasploit","Tunanetra bawaan yang berpengalaman di bidang keamanan siber menggunakan teknologi asistif seperti NVDA dan display braille. Lulusan S1 Matematika (konsentrasi komputasi), terbiasa menggunakan tools penetration testing dan SIEM melalui shortcut keyboard tanpa ketergantungan pada tampilan visual. Cocok bekerja secara remote maupun di kantor yang mendukung aksesibilitas digital."
K096,Gangguan Bicara (Tunawicara),"REST API, Node.js, Git, Vue.js, React","Gangguan wicara (gagap berat) yang tidak memengaruhi kemampuan kognitif dan teknis di bidang pengembangan web. Lulusan S1 Sistem Informasi yang terampil dalam React dan Node.js. Mampu bekerja secara mandiri dan berkolaborasi efektif dalam tim melalui komunikasi tertulis seperti Slack, email, dan dokumen bersama."
K097,Gangguan Daksa Kaki,"Administrasi Perkantoran, Manajemen Jadwal, Notulensi, Surat Menyurat, Google Workspace, Pengarsipan","Mengalami kelumpuhan kaki akibat polio dan menggunakan kursi roda listrik untuk mobilitas. Lulusan S1 Desain Komunikasi Visual, sangat kompeten dalam sistem pengarsipan digital untuk pekerjaan administrasi perkantoran. Bekerja paling efektif di kantor dengan fasilitas aksesibel atau secara remote penuh."
K098,Gangguan Bicara (Tunawicara),"CorelDRAW, Motion Graphics, Desain Visual, Tipografi","Gangguan wicara (gagap berat) yang tidak memengaruhi kemampuan kognitif dan teknis di bidang desain grafis. Lulusan S1 Bahasa Inggris yang terampil dalam Adobe Photoshop dan Illustrator. Mampu bekerja secara mandiri dan berkolaborasi efektif dalam tim melalui komunikasi tertulis seperti Slack, email, dan dokumen bersama."
K099,Gangguan Daksa Tangan,"Manajemen Gudang, Microsoft Excel, Inventory, Supply Chain, WMS","Penyandang gangguan daksa pada tangan kiri akibat kecelakaan dan kini bekerja penuh menggunakan satu tangan dengan keyboard adaptif. Latar belakang S1 Akuntansi, ahli dalam Microsoft Excel dan Google Sheets untuk bidang entri data dan pengelolaan database. Tidak memerlukan asisten khusus, hanya butuh workstation ergonomis yang dapat disesuaikan."
K100,Gangguan Penglihatan (Tunanetra),"Firewall, VPN, Cisco, Server Management",Lulusan S1 Teknik Informatika yang bekerja sepenuhnya menggunakan screen reader NVDA dan JAWS untuk mengoperasikan komputer dalam pekerjaan jaringan komputer dan infrastruktur IT. Sangat terampil dalam Cisco dan MikroTik yang diakses melalui antarmuka berbasis keyboard dan teknologi bantu. Membutuhkan perangkat lunak aksesibilitas yang terpasang di workstation dan dokumentasi yang tersedia dalam format digital yang dapat dibaca screen reader.
K101,Gangguan Pendengaran / Tuli (Tunarungu),"Administrasi Perkantoran, Notulensi, Google Workspace","Tunarungu total sejak lahir dan berkomunikasi menggunakan Bahasa Isyarat Indonesia (BISINDO) serta teks tertulis. Lulusan S1 Hubungan Internasional yang sangat terampil dalam sistem pengarsipan digital untuk pekerjaan administrasi perkantoran. Pekerjaan berbasis teks, email, dan platform pesan sangat sesuai; membutuhkan interpreter BISINDO untuk rapat formal jika diperlukan."
K102,Gangguan Intelektual,"Motion Graphics, CorelDRAW, Desain Visual, Adobe Photoshop",Individu dengan gangguan intelektual ringan yang telah berhasil bekerja di beberapa posisi entry-level di bidang desain grafis. Memiliki ketelitian tinggi pada tugas rutin dan terampil menggunakan Canva dan CorelDRAW untuk pekerjaan dasar. Membutuhkan supervisi berkala dan instruksi bertahap yang mudah dipahami.
K103,Acquired Brain Injury (ABI),"Google Sheets, Microsoft Excel, Accurate, Microsoft Word, Ketelitian Data, Pengetikan Cepat","Penyandang ABI pasca operasi tumor otak yang mengalami pemulihan signifikan. Lulusan S1 Ilmu Administrasi Negara, kompeten dalam Microsoft Excel dan Google Sheets untuk bidang entri data dan pengelolaan database dengan adaptasi penggunaan reminder dan checklist digital. Sangat cocok untuk posisi yang memiliki struktur kerja jelas dan tidak memerlukan respons instan dalam situasi darurat."
K104,Gangguan Daksa Tangan,"Ketelitian Data, Accurate, Google Sheets","Penyandang gangguan daksa pada tangan kiri akibat kecelakaan dan kini bekerja penuh menggunakan satu tangan dengan keyboard adaptif. Latar belakang S1 Ilmu Administrasi Negara, ahli dalam software entri data perusahaan untuk bidang entri data dan pengelolaan database. Tidak memerlukan asisten khusus, hanya butuh workstation ergonomis yang dapat disesuaikan."
K105,Gangguan Daksa Kaki,"Java, Django, Python, FastAPI, Microservices, Docker","Penyandang tunadaksa kaki dengan kaki prostetik yang memungkinkan mobilitas mandiri. Latar belakang S1 Sistem Informasi, terampil dalam Tableau dan Power BI untuk bidang analisis data dan business intelligence. Membutuhkan akses parkir khusus disabilitas dan jalur yang rata atau berslope di gedung kantor."
K106,Gangguan Mental / Psikososial,"Firewall, MikroTik, VPN","Penyandang gangguan psikososial (depresi mayor yang terkontrol) yang kembali aktif bekerja di bidang jaringan komputer dan infrastruktur IT. Latar belakang S1 Sistem Informasi, menguasai CCNA dan VPN. Membutuhkan lingkungan kerja yang suportif dan non-stigmatisasi, dengan fleksibilitas jadwal bila diperlukan untuk keperluan medis."
K107,Gangguan Penglihatan (Tunanetra),"Ansible, Terraform, AWS, GCP, Linux, CI/CD",Mengalami gangguan penglihatan sejak usia muda dan kini bekerja mandiri di bidang jaringan komputer dan infrastruktur IT menggunakan screen reader dan perangkat braille. Latar belakang pendidikan S1 Matematika (konsentrasi komputasi) yang ditempuh secara inklusif. Sangat produktif dalam pekerjaan berbasis teks dan data menggunakan Cisco dan MikroTik.
K108,Gangguan Spektrum Autisme,"Terraform, Jenkins, Kubernetes, Ansible, Docker","Penyandang Gangguan Spektrum Autisme (GSA) fungsional tinggi dengan kemampuan hiperfokus dan perhatian terhadap detail yang luar biasa di bidang pengembangan backend dan arsitektur sistem. Lulusan S1 Teknik Informatika, sangat terampil dalam Spring Boot dan Java. Bekerja paling optimal di lingkungan yang tenang, minim gangguan sensorik, dan memiliki ekspektasi tugas yang jelas dan tidak ambigu."
K109,Gangguan Bicara (Tunawicara),"Jira, Testing Manual, Postman, Bug Tracking, Selenium, QA Documentation","Penyandang gangguan bicara yang sangat terampil dalam bidang quality assurance dan pengujian perangkat lunak. Lulusan D3 Teknik Informatika, menguasai Selenium dan Postman dan telah bekerja profesional di beberapa organisasi. Komunikasi kerja dilakukan sepenuhnya melalui tulisan dan media digital tanpa kendala produktivitas."
K110,Gangguan Daksa Tangan,"Zoom, Kurikulum, Moodle, E-Learning, Manajemen Kelas","Penyandang gangguan daksa tangan kanan yang telah mengembangkan adaptasi bekerja menggunakan tangan kiri yang dominan dan perangkat bantu ergonomis. Latar belakang S1 Desain Komunikasi Visual, kompeten dalam platform e-learning untuk bidang pendidikan dan pelatihan. Membutuhkan setup meja kerja yang fleksibel dan mouse yang dapat disesuaikan."
K111,Gangguan Intelektual,"SAP, MYOB, Laporan Keuangan, Jurnal Keuangan","Mengalami gangguan intelektual ringan dan bekerja paling efektif pada tugas-tugas yang terstruktur, berulang, dan memiliki instruksi yang jelas. Lulusan S1 Hubungan Internasional dengan dukungan program pendidikan inklusif. Terampil dalam SAP dan software akuntansi untuk bidang akuntansi dan keuangan dan sangat dapat diandalkan dalam menyelesaikan tugas rutin dengan supervisi minimal."
K112,Gangguan Bicara (Tunawicara),"Kriptografi, Metasploit, Firewall, Ethical Hacking, ISO 27001, SIEM","Mengalami gangguan bicara berat namun sangat komunikatif melalui tulisan, pesan teks, dan email. Lulusan D3 Manajemen Informatika yang berpengalaman di bidang jaringan komputer dan infrastruktur IT menggunakan Linux dan Firewall tools. Pekerjaan berbasis teks sangat cocok; dapat berpartisipasi dalam rapat menggunakan fitur chat atau menggunakan aplikasi text-to-speech bila diperlukan."
K113,Gangguan Penglihatan (Tunanetra),"Digital Marketing, Analitik Media Sosial, Email Marketing, SEO, Copywriting",Mengalami gangguan penglihatan sejak usia muda dan kini bekerja mandiri di bidang pemasaran digital menggunakan screen reader dan perangkat braille. Latar belakang pendidikan S1 Ekonomi yang ditempuh secara inklusif. Sangat produktif dalam pekerjaan berbasis teks dan data menggunakan platform email marketing.
K114,Gangguan Bicara (Tunawicara),"Jetpack Compose, Android, React Native, SQLite, Dart, Firebase","Mengalami gangguan bicara berat namun sangat komunikatif melalui tulisan, pesan teks, dan email. Lulusan D3 Manajemen Informatika yang berpengalaman di bidang pengembangan aplikasi mobile menggunakan Flutter dan Dart. Pekerjaan berbasis teks sangat cocok; dapat berpartisipasi dalam rapat menggunakan fitur chat atau menggunakan aplikasi text-to-speech bila diperlukan."
K115,Gangguan Pendengaran / Tuli (Tunarungu),"Bahasa Mandarin, Lokalisasi, Proofreading, Bahasa Jepang, SDL Trados, Bahasa Inggris","Tunarungu total sejak lahir dan berkomunikasi menggunakan Bahasa Isyarat Indonesia (BISINDO) serta teks tertulis. Lulusan S1 Ilmu Administrasi Negara yang sangat terampil dalam SDL Trados dan CAT tools untuk pekerjaan penerjemahan dan lokalisasi. Pekerjaan berbasis teks, email, dan platform pesan sangat sesuai; membutuhkan interpreter BISINDO untuk rapat formal jika diperlukan."
K116,Gangguan Intelektual,"Microsoft Excel, Supply Chain, Manajemen Gudang, SAP WM","Mengalami gangguan intelektual ringan dan bekerja paling efektif pada tugas-tugas yang terstruktur, berulang, dan memiliki instruksi yang jelas. Lulusan D3 Akuntansi dengan dukungan program pendidikan inklusif. Terampil dalam Microsoft Excel dan Google Sheets untuk bidang entri data dan pengelolaan database dan sangat dapat diandalkan dalam menyelesaikan tugas rutin dengan supervisi minimal."
K117,Gangguan Daksa Kaki,"Notulensi, Surat Menyurat, Manajemen Jadwal, Microsoft Office","Menggunakan kursi roda untuk mobilitas sehari-hari namun bekerja penuh di bidang administrasi perkantoran tanpa hambatan fungsional. Lulusan S1 Ekonomi yang menguasai Microsoft Office dan Google Workspace. Membutuhkan akses ramp, lift, dan toilet ramah disabilitas di lingkungan kerja fisik; sangat cocok juga untuk kerja remote."
K118,Gangguan Spektrum Autisme,"Penulisan Konten, Copywriting, Instagram, Editing Video, CapCut","Penyandang Gangguan Spektrum Autisme (GSA) fungsional tinggi dengan kemampuan hiperfokus dan perhatian terhadap detail yang luar biasa di bidang pemasaran digital. Lulusan S1 Bahasa Inggris, sangat terampil dalam Google Ads dan Meta Ads. Bekerja paling optimal di lingkungan yang tenang, minim gangguan sensorik, dan memiliki ekspektasi tugas yang jelas dan tidak ambigu."
K119,Gangguan Mental / Psikososial,"Jenkins, Azure, AWS, Linux","Memiliki riwayat gangguan kecemasan (anxiety disorder) yang telah terkelola dengan baik melalui terapi dan pengobatan rutin. Lulusan S1 Ilmu Komputer yang berpengalaman di bidang jaringan komputer dan infrastruktur IT menggunakan Cisco dan MikroTik. Bekerja paling optimal dalam lingkungan yang memiliki ekspektasi kerja yang jelas, tidak terlalu banyak perubahan mendadak, dan mendukung keseimbangan kerja-hidup."
K120,Gangguan Spektrum Autisme,"SAP, Jurnal Keuangan, Akuntansi, Rekonsiliasi Bank","Individu dengan autisme fungsional tinggi (Asperger) yang memiliki kemampuan analitis dan pattern recognition yang sangat baik untuk pekerjaan akuntansi dan keuangan. Latar belakang D3 Sekretaris, menguasai SAP dan software akuntansi secara mendalam. Lebih menyukai komunikasi tertulis dan lingkungan kerja yang terstruktur dengan rutinitas yang konsisten."
K121,Gangguan Daksa Tangan,"Proofreading, Bahasa Jepang, SDL Trados, Bahasa Mandarin, Lokalisasi","Penyandang gangguan daksa pada tangan kiri akibat kecelakaan dan kini bekerja penuh menggunakan satu tangan dengan keyboard adaptif. Latar belakang S1 Desain Komunikasi Visual, ahli dalam SDL Trados dan CAT tools untuk bidang penerjemahan dan lokalisasi. Tidak memerlukan asisten khusus, hanya butuh workstation ergonomis yang dapat disesuaikan."
K122,Gangguan Bicara (Tunawicara),"Microsoft Office, Notulensi, Pengarsipan, Manajemen Jadwal, Google Workspace, Surat Menyurat","Gangguan wicara (gagap berat) yang tidak memengaruhi kemampuan kognitif dan teknis di bidang administrasi perkantoran. Lulusan S1 Akuntansi yang terampil dalam Microsoft Office dan Google Workspace. Mampu bekerja secara mandiri dan berkolaborasi efektif dalam tim melalui komunikasi tertulis seperti Slack, email, dan dokumen bersama."
K123,Gangguan Spektrum Autisme,"Pengetikan Cepat, Spreadsheet, Accurate","Gangguan Spektrum Autisme dengan kecenderungan hiperfokus pada bidang teknologi dan entri data dan pengelolaan database. Lulusan S1 Manajemen, sangat terampil dalam Microsoft Excel dan Google Sheets dan terus mengembangkan keahlian secara mandiri. Membutuhkan ruang kerja yang tenang dan komunikasi yang eksplisit tanpa ambiguitas."
K124,Gangguan Spektrum Autisme,"SQLite, Flutter, Dart, Firebase, Jetpack Compose, Swift","Gangguan Spektrum Autisme dengan kecenderungan hiperfokus pada bidang teknologi dan pengembangan aplikasi mobile. Lulusan S2 Ilmu Komputer, sangat terampil dalam Android dan Kotlin dan terus mengembangkan keahlian secara mandiri. Membutuhkan ruang kerja yang tenang dan komunikasi yang eksplisit tanpa ambiguitas."
K125,Gangguan Daksa Tangan,"Canva, Wireframing, InVision, Figma, User Research","Penyandang gangguan daksa tangan kanan yang telah mengembangkan adaptasi bekerja menggunakan tangan kiri yang dominan dan perangkat bantu ergonomis. Latar belakang S1 Matematika (konsentrasi komputasi), kompeten dalam Figma dan Adobe XD untuk bidang desain antarmuka pengguna. Membutuhkan setup meja kerja yang fleksibel dan mouse yang dapat disesuaikan."
K126,Gangguan Mental / Psikososial,"Accurate, Spreadsheet, Microsoft Word, Microsoft Excel, Ketelitian Data, Google Sheets","Penyandang gangguan psikososial (depresi mayor yang terkontrol) yang kembali aktif bekerja di bidang entri data dan pengelolaan database. Latar belakang S1 Ekonomi, menguasai software entri data perusahaan. Membutuhkan lingkungan kerja yang suportif dan non-stigmatisasi, dengan fleksibilitas jadwal bila diperlukan untuk keperluan medis."
K127,Gangguan Daksa Tangan,"Spring Boot, Redis, Go, PostgreSQL, Kubernetes, Docker","Penyandang gangguan daksa pada tangan kiri akibat kecelakaan dan kini bekerja penuh menggunakan satu tangan dengan keyboard adaptif. Latar belakang D3 Teknik Informatika, ahli dalam Django dan PostgreSQL untuk bidang pengembangan backend dan arsitektur sistem. Tidak memerlukan asisten khusus, hanya butuh workstation ergonomis yang dapat disesuaikan."
K128,Acquired Brain Injury (ABI),"Metasploit, ISO 27001, Kriptografi","Penyandang ABI pasca operasi tumor otak yang mengalami pemulihan signifikan. Lulusan S1 Matematika (konsentrasi komputasi), kompeten dalam tools penetration testing dan SIEM untuk bidang keamanan siber dengan adaptasi penggunaan reminder dan checklist digital. Sangat cocok untuk posisi yang memiliki struktur kerja jelas dan tidak memerlukan respons instan dalam situasi darurat."
K129,Gangguan Spektrum Autisme,"JavaScript, Vue.js, REST API, PHP","Autisme spektrum level 1 dengan keunggulan dalam pemikiran sistematis dan konsistensi kerja di bidang pengembangan web. Lulusan D3 Teknik Informatika, sangat produktif menggunakan HTML/CSS dan JavaScript dalam tugas-tugas yang membutuhkan presisi tinggi. Membutuhkan lingkungan kerja yang tidak terlalu padat secara sosial dan memiliki struktur yang jelas."
K130,Gangguan Spektrum Autisme,"Digital Marketing, Facebook Ads, Copywriting, TikTok Ads, Email Marketing, SEO","Individu dengan autisme fungsional tinggi (Asperger) yang memiliki kemampuan analitis dan pattern recognition yang sangat baik untuk pekerjaan pemasaran digital. Latar belakang S1 Komunikasi, menguasai platform email marketing secara mendalam. Lebih menyukai komunikasi tertulis dan lingkungan kerja yang terstruktur dengan rutinitas yang konsisten."
K131,Gangguan Intelektual,"Bahasa Jepang, Proofreading, Penerjemahan",Individu dengan gangguan intelektual ringan yang telah berhasil bekerja di beberapa posisi entry-level di bidang penerjemahan dan lokalisasi. Memiliki ketelitian tinggi pada tugas rutin dan terampil menggunakan SDL Trados dan CAT tools untuk pekerjaan dasar. Membutuhkan supervisi berkala dan instruksi bertahap yang mudah dipahami.
K132,Acquired Brain Injury (ABI),"PHP, React, TypeScript, Vue.js","Acquired Brain Injury akibat stroke yang telah menjalani rehabilitasi intensif selama 18 bulan. Latar belakang S1 Teknik Informatika, kini mampu kembali bekerja di bidang pengembangan web menggunakan React dan Node.js. Membutuhkan lingkungan kerja dengan tempo yang fleksibel, tugas yang dipecah menjadi langkah-langkah kecil, dan tidak ada tekanan multitasking berlebihan."
K133,Gangguan Daksa Kaki,"Email Marketing, Facebook Ads, TikTok Ads, Analitik Media Sosial, Copywriting","Mengalami kelumpuhan kaki akibat polio dan menggunakan kursi roda listrik untuk mobilitas. Lulusan S1 Akuntansi, sangat kompeten dalam platform email marketing untuk pekerjaan pemasaran digital. Bekerja paling efektif di kantor dengan fasilitas aksesibel atau secara remote penuh."
K134,Gangguan Penglihatan (Tunanetra),"Bahasa Inggris, Lokalisasi, SDL Trados, Bahasa Mandarin, Penerjemahan",Lulusan D3 Akuntansi yang bekerja sepenuhnya menggunakan screen reader NVDA dan JAWS untuk mengoperasikan komputer dalam pekerjaan penerjemahan dan lokalisasi. Sangat terampil dalam SDL Trados dan CAT tools yang diakses melalui antarmuka berbasis keyboard dan teknologi bantu. Membutuhkan perangkat lunak aksesibilitas yang terpasang di workstation dan dokumentasi yang tersedia dalam format digital yang dapat dibaca screen reader.
K135,Acquired Brain Injury (ABI),"HRIS, Pelatihan SDM, Manajemen Kinerja","Cedera otak yang diperoleh akibat infeksi meningitis yang memengaruhi kecepatan pemrosesan informasi. Latar belakang S1 Hubungan Internasional, terampil dalam platform rekrutmen digital untuk bidang manajemen sumber daya manusia. Membutuhkan lebih banyak waktu untuk menyelesaikan tugas kompleks, namun menghasilkan output yang akurat dan berkualitas tinggi."
K136,Gangguan Pendengaran / Tuli (Tunarungu),"Manajemen Jadwal, Google Workspace, Surat Menyurat, Notulensi, Administrasi Perkantoran","Tunarungu total sejak lahir dan berkomunikasi menggunakan Bahasa Isyarat Indonesia (BISINDO) serta teks tertulis. Lulusan D3 Sekretaris yang sangat terampil dalam sistem pengarsipan digital untuk pekerjaan administrasi perkantoran. Pekerjaan berbasis teks, email, dan platform pesan sangat sesuai; membutuhkan interpreter BISINDO untuk rapat formal jika diperlukan."
K137,Gangguan Penglihatan (Tunanetra),"Editing Video, SEO Writing, Copywriting, Penulisan Konten, YouTube",Lulusan S1 Ekonomi yang bekerja sepenuhnya menggunakan screen reader NVDA dan JAWS untuk mengoperasikan komputer dalam pekerjaan pemasaran digital. Sangat terampil dalam Google Ads dan Meta Ads yang diakses melalui antarmuka berbasis keyboard dan teknologi bantu. Membutuhkan perangkat lunak aksesibilitas yang terpasang di workstation dan dokumentasi yang tersedia dalam format digital yang dapat dibaca screen reader.
K138,Gangguan Pendengaran / Tuli (Tunarungu),"Linux, Kubernetes, AWS, Terraform, Docker, Jenkins","Mengalami ketulian akibat infeksi pada usia dini dan kini sangat efektif bekerja melalui komunikasi tertulis, email, dan pesan chat. Lulus dari S1 Teknik Informatika dan ahli di bidang pengembangan backend dan arsitektur sistem menggunakan Spring Boot dan Java. Mampu berpartisipasi dalam rapat melalui teks atau dengan dukungan subtitle otomatis."
K139,Gangguan Pendengaran / Tuli (Tunarungu),"Desain Visual, Tipografi, CorelDRAW, Adobe Photoshop, Adobe Illustrator","Tunarungu yang sangat terampil dalam bidang desain grafis dengan latar belakang D3 Akuntansi. Menggunakan closed caption dan subtitle otomatis dalam rapat video, serta mengandalkan komunikasi tertulis untuk koordinasi harian. Keahlian Canva dan CorelDRAW telah terbukti dalam pengalaman kerja sebelumnya."
K140,Gangguan Intelektual,"Server Management, MikroTik, Firewall, Cisco, Monitoring Jaringan","Mengalami gangguan intelektual ringan dan bekerja paling efektif pada tugas-tugas yang terstruktur, berulang, dan memiliki instruksi yang jelas. Lulusan S1 Ilmu Komputer dengan dukungan program pendidikan inklusif. Terampil dalam Cisco dan MikroTik untuk bidang jaringan komputer dan infrastruktur IT dan sangat dapat diandalkan dalam menyelesaikan tugas rutin dengan supervisi minimal."
K141,Acquired Brain Injury (ABI),"CorelDRAW, Desain Visual, Branding, Motion Graphics, Tipografi, Adobe Photoshop","Acquired Brain Injury akibat stroke yang telah menjalani rehabilitasi intensif selama 18 bulan. Latar belakang S1 Desain Komunikasi Visual, kini mampu kembali bekerja di bidang desain grafis menggunakan Canva dan CorelDRAW. Membutuhkan lingkungan kerja dengan tempo yang fleksibel, tugas yang dipecah menjadi langkah-langkah kecil, dan tidak ada tekanan multitasking berlebihan."
K142,Gangguan Spektrum Autisme,"Komunikasi, Empati, Zendesk","Autisme spektrum level 1 dengan keunggulan dalam pemikiran sistematis dan konsistensi kerja di bidang layanan pelanggan. Lulusan S1 Bahasa Inggris, sangat produktif menggunakan platform live chat dan helpdesk dalam tugas-tugas yang membutuhkan presisi tinggi. Membutuhkan lingkungan kerja yang tidak terlalu padat secara sosial dan memiliki struktur yang jelas."
K143,Gangguan Daksa Kaki,"Google Workspace, Administrasi Perkantoran, Surat Menyurat, Notulensi, Microsoft Office","Mengalami kelumpuhan kaki akibat polio dan menggunakan kursi roda listrik untuk mobilitas. Lulusan D3 Akuntansi, sangat kompeten dalam sistem pengarsipan digital untuk pekerjaan administrasi perkantoran. Bekerja paling efektif di kantor dengan fasilitas aksesibel atau secara remote penuh."
K144,Gangguan Daksa Tangan,"Firewall, OWASP, Ethical Hacking, Nmap","Mengalami keterbatasan fungsi pada kedua tangan namun telah beradaptasi menggunakan keyboard ergonomis, software voice-to-text, dan perangkat bantu khusus untuk bekerja di bidang jaringan komputer dan infrastruktur IT. Lulusan S1 Teknik Komputer, terampil dalam Cisco dan MikroTik. Efektivitas kerja tidak berkurang dengan dukungan teknologi asistif yang tepat."
K145,Gangguan Intelektual,"R, Data Cleaning, Excel","Gangguan intelektual ringan yang tidak menghalangi kontribusi nyata di bidang analisis data dan business intelligence. Lulusan S1 Sistem Informasi dengan fokus pada keterampilan praktis. Membutuhkan panduan kerja yang jelas, umpan balik rutin, dan lingkungan yang tidak berubah-ubah untuk memaksimalkan performa."
K146,Gangguan Daksa Tangan,"Hubungan Industrial, Payroll, Rekrutmen, HRIS, Pelatihan SDM","Mengalami keterbatasan fungsi pada kedua tangan namun telah beradaptasi menggunakan keyboard ergonomis, software voice-to-text, dan perangkat bantu khusus untuk bekerja di bidang manajemen sumber daya manusia. Lulusan S1 Hubungan Internasional, terampil dalam software HRIS. Efektivitas kerja tidak berkurang dengan dukungan teknologi asistif yang tepat."
K147,Gangguan Penglihatan (Tunanetra),"Android, Kotlin, React Native, Firebase, Flutter, Dart","Tunanetra bawaan yang berpengalaman di bidang pengembangan aplikasi mobile menggunakan teknologi asistif seperti NVDA dan display braille. Lulusan S1 Matematika (konsentrasi komputasi), terbiasa menggunakan Firebase dan SQLite melalui shortcut keyboard tanpa ketergantungan pada tampilan visual. Cocok bekerja secara remote maupun di kantor yang mendukung aksesibilitas digital."
K148,Gangguan Daksa Kaki,"Prototyping, InVision, Sketch, Design System, Wireframing, Canva","Mengalami kelumpuhan kaki akibat polio dan menggunakan kursi roda listrik untuk mobilitas. Lulusan S1 Matematika (konsentrasi komputasi), sangat kompeten dalam Figma dan Prototyping Tools untuk pekerjaan desain antarmuka pengguna. Bekerja paling efektif di kantor dengan fasilitas aksesibel atau secara remote penuh."
K149,Acquired Brain Injury (ABI),"Google Classroom, Zoom, Moodle, Microsoft Teams","Acquired Brain Injury akibat stroke yang telah menjalani rehabilitasi intensif selama 18 bulan. Latar belakang S1 Psikologi, kini mampu kembali bekerja di bidang pendidikan dan pelatihan menggunakan platform e-learning. Membutuhkan lingkungan kerja dengan tempo yang fleksibel, tugas yang dipecah menjadi langkah-langkah kecil, dan tidak ada tekanan multitasking berlebihan."
K150,Acquired Brain Injury (ABI),"Kriptografi, Nmap, Metasploit, SIEM, ISO 27001, OWASP","Penyandang ABI pasca operasi tumor otak yang mengalami pemulihan signifikan. Lulusan S1 Sistem Informasi, kompeten dalam framework ISO 27001 dan OWASP untuk bidang keamanan siber dengan adaptasi penggunaan reminder dan checklist digital. Sangat cocok untuk posisi yang memiliki struktur kerja jelas dan tidak memerlukan respons instan dalam situasi darurat."
K151,Gangguan Daksa Kaki,"Firewall, Cisco, Linux","Gangguan daksa kaki (amputasi di bawah lutut) yang diatasi dengan penggunaan kaki prostetik berteknologi modern. Latar belakang S1 Teknik Komputer, menguasai Cisco dan MikroTik untuk bidang jaringan komputer dan infrastruktur IT. Mampu bekerja di kantor dengan akses aksesibel maupun dari rumah tanpa perbedaan produktivitas."
K152,Gangguan Pendengaran / Tuli (Tunarungu),"Supply Chain, WMS, Manajemen Gudang, ERP, Perencanaan Distribusi, Microsoft Excel","Tunarungu total sejak lahir dan berkomunikasi menggunakan Bahasa Isyarat Indonesia (BISINDO) serta teks tertulis. Lulusan S1 Manajemen yang sangat terampil dalam software entri data perusahaan untuk pekerjaan entri data dan pengelolaan database. Pekerjaan berbasis teks, email, dan platform pesan sangat sesuai; membutuhkan interpreter BISINDO untuk rapat formal jika diperlukan."
K153,Acquired Brain Injury (ABI),"Penetration Testing, Ethical Hacking, Metasploit, SIEM","Cedera otak yang diperoleh akibat infeksi meningitis yang memengaruhi kecepatan pemrosesan informasi. Latar belakang D3 Manajemen Informatika, terampil dalam tools penetration testing dan SIEM untuk bidang keamanan siber. Membutuhkan lebih banyak waktu untuk menyelesaikan tugas kompleks, namun menghasilkan output yang akurat dan berkualitas tinggi."
K154,Gangguan Daksa Kaki,"Kriptografi, ISO 27001, Metasploit, Firewall","Menggunakan kursi roda untuk mobilitas sehari-hari namun bekerja penuh di bidang jaringan komputer dan infrastruktur IT tanpa hambatan fungsional. Lulusan S1 Ilmu Komputer yang menguasai Cisco dan MikroTik. Membutuhkan akses ramp, lift, dan toilet ramah disabilitas di lingkungan kerja fisik; sangat cocok juga untuk kerja remote."
K155,Gangguan Bicara (Tunawicara),"WMS, Microsoft Excel, ERP, Manajemen Gudang","Penyandang tunawicara yang mengandalkan komunikasi tertulis digital untuk seluruh koordinasi kerja. Latar belakang D3 Sekretaris, ahli dalam Microsoft Excel dan Google Sheets untuk bidang entri data dan pengelolaan database. Sangat produktif dalam lingkungan remote maupun kantor yang mengutamakan komunikasi asinkron melalui platform digital."
K156,Gangguan Bicara (Tunawicara),"Canva, Tipografi, Adobe Photoshop, Motion Graphics, Desain Visual","Gangguan wicara (gagap berat) yang tidak memengaruhi kemampuan kognitif dan teknis di bidang desain antarmuka pengguna. Lulusan S1 Akuntansi yang terampil dalam Figma dan Adobe XD. Mampu bekerja secara mandiri dan berkolaborasi efektif dalam tim melalui komunikasi tertulis seperti Slack, email, dan dokumen bersama."
K157,Acquired Brain Injury (ABI),"Spreadsheet, Google Sheets, Pengetikan Cepat, Microsoft Word, Ketelitian Data","Penyandang ABI pasca operasi tumor otak yang mengalami pemulihan signifikan. Lulusan S1 Bahasa Inggris, kompeten dalam software entri data perusahaan untuk bidang entri data dan pengelolaan database dengan adaptasi penggunaan reminder dan checklist digital. Sangat cocok untuk posisi yang memiliki struktur kerja jelas dan tidak memerlukan respons instan dalam situasi darurat."
K158,Gangguan Pendengaran / Tuli (Tunarungu),"Kubernetes, GCP, Docker, Jenkins, AWS, Terraform",Penyandang tunarungu dengan kemampuan membaca gerak bibir yang sangat baik dan menggunakan alat bantu dengar untuk situasi tertentu. Lulusan S1 Teknik Informatika yang berpengalaman di bidang pengembangan backend dan arsitektur sistem. Sangat produktif dalam lingkungan kerja yang tidak bergantung pada komunikasi verbal intensif dan mendukung penggunaan Spring Boot dan Java.
K159,Gangguan Spektrum Autisme,"Rekrutmen, Manajemen Kinerja, Payroll, Hubungan Industrial, Pelatihan SDM","Penyandang GSA yang telah berkarir sukses di bidang manajemen sumber daya manusia berkat kemampuan analitis yang kuat dan dedikasi terhadap akurasi. Latar belakang S1 Psikologi, menguasai platform rekrutmen digital. Bekerja paling efektif dengan panduan tugas tertulis yang detail dan feedback yang langsung serta spesifik."
K160,Gangguan Mental / Psikososial,"Google Classroom, Manajemen Kelas, Pengajaran, Zoom","Penyandang PTSD pasca kerja yang kini telah pulih dan aktif di bidang pendidikan dan pelatihan. Lulusan S1 Marketing, terampil menggunakan platform e-learning. Bekerja paling baik dalam tim yang suportif dengan komunikasi yang terbuka dan tidak ada budaya blame."
K161,Gangguan Daksa Kaki,"SDL Trados, Bahasa Jepang, Proofreading, Lokalisasi","Menggunakan kursi roda untuk mobilitas sehari-hari namun bekerja penuh di bidang penerjemahan dan lokalisasi tanpa hambatan fungsional. Lulusan S1 Manajemen yang menguasai platform penerjemahan profesional. Membutuhkan akses ramp, lift, dan toilet ramah disabilitas di lingkungan kerja fisik; sangat cocok juga untuk kerja remote."
K162,Gangguan Penglihatan (Tunanetra),"Git, HTML, TypeScript",Penyandang low vision yang menggunakan ZoomText dan pengaturan kontras tinggi pada monitor berukuran besar untuk bekerja di bidang pengembangan web. Lulusan S2 Ilmu Komputer dengan keahlian Laravel dan MySQL yang terverifikasi. Membutuhkan monitor minimal 27 inci dan software pembesaran layar yang terinstal di workstation.
K163,Gangguan Intelektual,"Kurikulum, Microsoft Teams, Zoom, Google Classroom, E-Learning, Pengajaran",Individu dengan gangguan intelektual ringan yang telah berhasil bekerja di beberapa posisi entry-level di bidang pendidikan dan pelatihan. Memiliki ketelitian tinggi pada tugas rutin dan terampil menggunakan platform e-learning untuk pekerjaan dasar. Membutuhkan supervisi berkala dan instruksi bertahap yang mudah dipahami.
K164,Gangguan Penglihatan (Tunanetra),"Figma, User Research, Design System, Canva, Wireframing, Prototyping","Mengalami gangguan penglihatan total sejak lahir dan telah mengembangkan keahlian profesional di bidang desain antarmuka pengguna menggunakan JAWS, display braille, dan braille note taker. Lulus dari D3 Teknik Informatika dengan dukungan teknologi asistif penuh. Mampu bekerja mandiri dan hanya membutuhkan lingkungan kerja yang kompatibel dengan screen reader."
K165,Gangguan Pendengaran / Tuli (Tunarungu),"Firewall, Metasploit, ISO 27001, SIEM, Kriptografi",Penyandang tunarungu dengan kemampuan membaca gerak bibir yang sangat baik dan menggunakan alat bantu dengar untuk situasi tertentu. Lulusan S1 Teknik Komputer yang berpengalaman di bidang jaringan komputer dan infrastruktur IT. Sangat produktif dalam lingkungan kerja yang tidak bergantung pada komunikasi verbal intensif dan mendukung penggunaan Cisco dan MikroTik.
K166,Gangguan Daksa Kaki,"Testing Manual, Test Case, Cypress","Penyandang tunadaksa kaki dengan kaki prostetik yang memungkinkan mobilitas mandiri. Latar belakang D4 Rekayasa Perangkat Lunak, terampil dalam Cypress dan Katalon untuk bidang quality assurance dan pengujian perangkat lunak. Membutuhkan akses parkir khusus disabilitas dan jalur yang rata atau berslope di gedung kantor."
K167,Gangguan Penglihatan (Tunanetra),"Google Classroom, Microsoft Teams, Zoom, Moodle, Kurikulum, E-Learning",Lulusan S1 Akuntansi yang bekerja sepenuhnya menggunakan screen reader NVDA dan JAWS untuk mengoperasikan komputer dalam pekerjaan pendidikan dan pelatihan. Sangat terampil dalam platform e-learning yang diakses melalui antarmuka berbasis keyboard dan teknologi bantu. Membutuhkan perangkat lunak aksesibilitas yang terpasang di workstation dan dokumentasi yang tersedia dalam format digital yang dapat dibaca screen reader.
K168,Gangguan Daksa Kaki,"Copywriting, Instagram, WordPress, YouTube","Penyandang tunadaksa kaki dengan kaki prostetik yang memungkinkan mobilitas mandiri. Latar belakang S1 Hubungan Internasional, terampil dalam tools SEO dan analitik media sosial untuk bidang pemasaran digital. Membutuhkan akses parkir khusus disabilitas dan jalur yang rata atau berslope di gedung kantor."
K169,Gangguan Penglihatan (Tunanetra),"MYOB, SAP, Rekonsiliasi Bank, Accurate",Penyandang low vision yang menggunakan ZoomText dan pengaturan kontras tinggi pada monitor berukuran besar untuk bekerja di bidang entri data dan pengelolaan database. Lulusan D3 Akuntansi dengan keahlian Microsoft Excel dan Google Sheets yang terverifikasi. Membutuhkan monitor minimal 27 inci dan software pembesaran layar yang terinstal di workstation.
K170,Acquired Brain Injury (ABI),"MySQL, Git, Node.js","ABI yang memengaruhi fungsi eksekutif seperti perencanaan dan multitasking. Lulusan S1 Teknik Komputer, menggunakan aplikasi manajemen tugas (Notion, Trello) dan reminder otomatis untuk mendukung produktivitas di bidang pengembangan web. Sangat terampil dalam React dan Node.js dan bekerja terbaik dengan tugas yang terstruktur dan tenggat yang jelas."
K171,Gangguan Bicara (Tunawicara),"Vue.js, Bootstrap, JavaScript, Node.js, CSS","Mengalami gangguan bicara berat namun sangat komunikatif melalui tulisan, pesan teks, dan email. Lulusan S1 Teknik Informatika yang berpengalaman di bidang pengembangan web menggunakan Vue.js dan REST API. Pekerjaan berbasis teks sangat cocok; dapat berpartisipasi dalam rapat menggunakan fitur chat atau menggunakan aplikasi text-to-speech bila diperlukan."
K172,Gangguan Daksa Tangan,"Copywriting, Email Marketing, Content Creation, Analitik Media Sosial","Penyandang gangguan daksa tangan kanan yang telah mengembangkan adaptasi bekerja menggunakan tangan kiri yang dominan dan perangkat bantu ergonomis. Latar belakang S1 Manajemen, kompeten dalam Google Ads dan Meta Ads untuk bidang pemasaran digital. Membutuhkan setup meja kerja yang fleksibel dan mouse yang dapat disesuaikan."
K173,Gangguan Bicara (Tunawicara),"AWS, GCP, Docker, Jenkins, Ansible, Kubernetes","Penyandang gangguan bicara yang sangat terampil dalam bidang pengembangan backend dan arsitektur sistem. Lulusan S2 Ilmu Komputer, menguasai Docker dan Kubernetes dan telah bekerja profesional di beberapa organisasi. Komunikasi kerja dilakukan sepenuhnya melalui tulisan dan media digital tanpa kendala produktivitas."
K174,Gangguan Daksa Tangan,"SEO Writing, CapCut, WordPress","Penyandang gangguan daksa tangan kanan yang telah mengembangkan adaptasi bekerja menggunakan tangan kiri yang dominan dan perangkat bantu ergonomis. Latar belakang S1 Bahasa Inggris, kompeten dalam CapCut dan platform media sosial untuk bidang pembuatan konten digital. Membutuhkan setup meja kerja yang fleksibel dan mouse yang dapat disesuaikan."
K175,Gangguan Pendengaran / Tuli (Tunarungu),"ISO 27001, OWASP, Nmap, Penetration Testing","Tunarungu total sejak lahir dan berkomunikasi menggunakan Bahasa Isyarat Indonesia (BISINDO) serta teks tertulis. Lulusan S1 Teknik Elektro yang sangat terampil dalam tools penetration testing dan SIEM untuk pekerjaan keamanan siber. Pekerjaan berbasis teks, email, dan platform pesan sangat sesuai; membutuhkan interpreter BISINDO untuk rapat formal jika diperlukan."
K176,Gangguan Mental / Psikososial,"Manajemen Jadwal, Microsoft Office, Administrasi Perkantoran, Pengarsipan, Notulensi, Google Workspace","Memiliki riwayat gangguan kecemasan (anxiety disorder) yang telah terkelola dengan baik melalui terapi dan pengobatan rutin. Lulusan S1 Marketing yang berpengalaman di bidang administrasi perkantoran menggunakan Microsoft Office dan Google Workspace. Bekerja paling optimal dalam lingkungan yang memiliki ekspektasi kerja yang jelas, tidak terlalu banyak perubahan mendadak, dan mendukung keseimbangan kerja-hidup."
K177,Acquired Brain Injury (ABI),"HTML, Node.js, React, Vue.js, PHP","Acquired Brain Injury akibat stroke yang telah menjalani rehabilitasi intensif selama 18 bulan. Latar belakang S1 Matematika (konsentrasi komputasi), kini mampu kembali bekerja di bidang pengembangan web menggunakan HTML/CSS dan JavaScript. Membutuhkan lingkungan kerja dengan tempo yang fleksibel, tugas yang dipecah menjadi langkah-langkah kecil, dan tidak ada tekanan multitasking berlebihan."
K178,Gangguan Bicara (Tunawicara),"CSS, TypeScript, React, Laravel, Node.js, REST API",Tunawicara yang berkomunikasi menggunakan text-to-speech dan teks tertulis. Latar belakang D4 Rekayasa Perangkat Lunak dengan keahlian mendalam dalam Vue.js dan REST API untuk bidang pengembangan web. Lebih efektif dalam lingkungan kerja yang tidak mensyaratkan presentasi verbal tatap muka secara intensif.
K179,Gangguan Bicara (Tunawicara),"Notulensi, Administrasi Perkantoran, Pengarsipan, Microsoft Office","Gangguan wicara (gagap berat) yang tidak memengaruhi kemampuan kognitif dan teknis di bidang administrasi perkantoran. Lulusan S1 Akuntansi yang terampil dalam Microsoft Office dan Google Workspace. Mampu bekerja secara mandiri dan berkolaborasi efektif dalam tim melalui komunikasi tertulis seperti Slack, email, dan dokumen bersama."
K180,Gangguan Penglihatan (Tunanetra),"Analitik Media Sosial, Facebook Ads, Content Creation, Digital Marketing",Penyandang low vision yang menggunakan ZoomText dan pengaturan kontras tinggi pada monitor berukuran besar untuk bekerja di bidang pemasaran digital. Lulusan D3 Administrasi Bisnis dengan keahlian platform email marketing yang terverifikasi. Membutuhkan monitor minimal 27 inci dan software pembesaran layar yang terinstal di workstation.
K181,Gangguan Bicara (Tunawicara),"WMS, Microsoft Excel, ERP","Penyandang gangguan bicara yang sangat terampil dalam bidang entri data dan pengelolaan database. Lulusan S1 Desain Komunikasi Visual, menguasai Microsoft Excel dan Google Sheets dan telah bekerja profesional di beberapa organisasi. Komunikasi kerja dilakukan sepenuhnya melalui tulisan dan media digital tanpa kendala produktivitas."
K182,Gangguan Daksa Tangan,"YouTube, WordPress, Penulisan Konten, CapCut, Copywriting",Gangguan motorik pada tangan yang teratasi dengan penggunaan voice recognition (Dragon NaturallySpeaking) dan mouse trackball. Lulusan S1 Psikologi yang berpengalaman di bidang pemasaran digital. Sangat produktif menggunakan Google Ads dan Meta Ads dan membutuhkan workstation dengan setup ergonomis yang mendukung.
K183,Gangguan Spektrum Autisme,"WMS, Microsoft Excel, ERP, SAP WM, Inventory","Penyandang GSA yang telah berkarir sukses di bidang entri data dan pengelolaan database berkat kemampuan analitis yang kuat dan dedikasi terhadap akurasi. Latar belakang S1 Bahasa Inggris, menguasai software entri data perusahaan. Bekerja paling efektif dengan panduan tugas tertulis yang detail dan feedback yang langsung serta spesifik."
K184,Gangguan Daksa Kaki,"FastAPI, Django, Kubernetes",Pengguna kursi roda akibat cedera tulang belakang yang tetap aktif berkarir di bidang pengembangan backend dan arsitektur sistem. Lulusan S1 Teknik Informatika yang sangat terampil dalam FastAPI dan Redis. Memerlukan meja kerja adjustable height dan jalur aksesibel di seluruh area kantor untuk mobilitas optimal.
K185,Gangguan Intelektual,"Accurate, Jurnal Keuangan, Audit Internal","Penyandang gangguan intelektual ringan yang mampu menjalankan pekerjaan operasional secara mandiri setelah masa orientasi. Latar belakang D3 Administrasi Bisnis, menguasai dasar-dasar Microsoft Excel dan Google Sheets. Bekerja paling baik dalam lingkungan kerja yang konsisten, suportif, dan memiliki prosedur kerja yang terdokumentasi dengan baik."
K186,Gangguan Daksa Kaki,"Git, REST API, PHP, JavaScript, TypeScript, Laravel",Pengguna kursi roda akibat cedera tulang belakang yang tetap aktif berkarir di bidang pengembangan web. Lulusan S1 Sistem Informasi yang sangat terampil dalam Laravel dan MySQL. Memerlukan meja kerja adjustable height dan jalur aksesibel di seluruh area kantor untuk mobilitas optimal.
K187,Gangguan Pendengaran / Tuli (Tunarungu),"CRM, Zendesk, Live Chat","Gangguan pendengaran total yang diatasi dengan penggunaan BISINDO dan teks digital. Latar belakang S1 Hubungan Internasional, sangat kompeten dalam Freshdesk dan Zendesk untuk bidang layanan pelanggan. Lebih menyukai komunikasi via Slack, email, atau dokumen tertulis dan dapat berkontribusi penuh dalam tim yang inklusif."
K188,Gangguan Intelektual,"OWASP, Metasploit, Penetration Testing","Gangguan intelektual ringan yang tidak menghalangi kontribusi nyata di bidang keamanan siber. Lulusan D4 Rekayasa Perangkat Lunak dengan fokus pada keterampilan praktis. Membutuhkan panduan kerja yang jelas, umpan balik rutin, dan lingkungan yang tidak berubah-ubah untuk memaksimalkan performa."
K189,Gangguan Mental / Psikososial,"React, Vue.js, PHP, Node.js, HTML, JavaScript","Memiliki kondisi bipolar tipe II yang telah stabil dengan pengobatan. Lulusan D4 Rekayasa Perangkat Lunak, sangat produktif dalam periode stabil untuk pekerjaan pengembangan web. Terampil dalam Vue.js dan REST API dan bekerja paling baik dengan kebijakan kerja fleksibel yang mengakomodasi kebutuhan manajemen kondisi kesehatan."
K190,Gangguan Bicara (Tunawicara),"Instagram, YouTube, WordPress, Penulisan Konten","Gangguan wicara (gagap berat) yang tidak memengaruhi kemampuan kognitif dan teknis di bidang pembuatan konten digital. Lulusan S1 Bahasa Inggris yang terampil dalam CapCut dan platform media sosial. Mampu bekerja secara mandiri dan berkolaborasi efektif dalam tim melalui komunikasi tertulis seperti Slack, email, dan dokumen bersama."
K191,Gangguan Bicara (Tunawicara),"Microsoft Excel, WMS, Inventory, Manajemen Gudang, SAP WM","Mengalami gangguan bicara berat namun sangat komunikatif melalui tulisan, pesan teks, dan email. Lulusan S1 Marketing yang berpengalaman di bidang entri data dan pengelolaan database menggunakan software entri data perusahaan. Pekerjaan berbasis teks sangat cocok; dapat berpartisipasi dalam rapat menggunakan fitur chat atau menggunakan aplikasi text-to-speech bila diperlukan."
K192,Gangguan Mental / Psikososial,"Notulensi, Pengarsipan, Administrasi Perkantoran","Memiliki kondisi bipolar tipe II yang telah stabil dengan pengobatan. Lulusan S1 Ekonomi, sangat produktif dalam periode stabil untuk pekerjaan administrasi perkantoran. Terampil dalam Microsoft Office dan Google Workspace dan bekerja paling baik dengan kebijakan kerja fleksibel yang mengakomodasi kebutuhan manajemen kondisi kesehatan."
K193,Gangguan Daksa Kaki,"Vue.js, Git, Bootstrap, Laravel","Menggunakan kursi roda untuk mobilitas sehari-hari namun bekerja penuh di bidang pengembangan web tanpa hambatan fungsional. Lulusan S1 Matematika (konsentrasi komputasi) yang menguasai Laravel dan MySQL. Membutuhkan akses ramp, lift, dan toilet ramah disabilitas di lingkungan kerja fisik; sangat cocok juga untuk kerja remote."
K194,Gangguan Mental / Psikososial,"Accurate, Microsoft Word, Microsoft Excel","Memiliki kondisi bipolar tipe II yang telah stabil dengan pengobatan. Lulusan S1 Desain Komunikasi Visual, sangat produktif dalam periode stabil untuk pekerjaan entri data dan pengelolaan database. Terampil dalam Microsoft Excel dan Google Sheets dan bekerja paling baik dengan kebijakan kerja fleksibel yang mengakomodasi kebutuhan manajemen kondisi kesehatan."
K195,Gangguan Daksa Tangan,"Redis, Python, Docker","Penyandang gangguan daksa pada tangan kiri akibat kecelakaan dan kini bekerja penuh menggunakan satu tangan dengan keyboard adaptif. Latar belakang S1 Teknik Komputer, ahli dalam R dan Excel untuk bidang analisis data dan business intelligence. Tidak memerlukan asisten khusus, hanya butuh workstation ergonomis yang dapat disesuaikan."
K196,Gangguan Pendengaran / Tuli (Tunarungu),"Kubernetes, GCP, Linux","Tunarungu yang sangat terampil dalam bidang pengembangan backend dan arsitektur sistem dengan latar belakang S1 Teknik Informatika. Menggunakan closed caption dan subtitle otomatis dalam rapat video, serta mengandalkan komunikasi tertulis untuk koordinasi harian. Keahlian Spring Boot dan Java telah terbukti dalam pengalaman kerja sebelumnya."
K197,Gangguan Bicara (Tunawicara),"Empati, Live Chat, Zendesk","Mengalami gangguan bicara berat namun sangat komunikatif melalui tulisan, pesan teks, dan email. Lulusan D3 Administrasi Bisnis yang berpengalaman di bidang layanan pelanggan menggunakan Freshdesk dan Zendesk. Pekerjaan berbasis teks sangat cocok; dapat berpartisipasi dalam rapat menggunakan fitur chat atau menggunakan aplikasi text-to-speech bila diperlukan."
K198,Acquired Brain Injury (ABI),"CSS, Node.js, HTML, React","Mengalami cedera otak akibat kecelakaan lalu lintas yang memengaruhi memori jangka pendek, namun kemampuan teknis di bidang pengembangan web tetap terjaga. Lulusan S2 Ilmu Komputer, terampil dalam React dan Node.js. Bekerja menggunakan alat bantu seperti reminder digital, catatan terstruktur, dan aplikasi manajemen tugas untuk mengkompensasi keterbatasan memori."
K199,Gangguan Pendengaran / Tuli (Tunarungu),"Azure, Docker, Terraform, Linux, CI/CD","Tunarungu total sejak lahir dan berkomunikasi menggunakan Bahasa Isyarat Indonesia (BISINDO) serta teks tertulis. Lulusan D3 Teknik Informatika yang sangat terampil dalam Docker dan Kubernetes untuk pekerjaan pengembangan backend dan arsitektur sistem. Pekerjaan berbasis teks, email, dan platform pesan sangat sesuai; membutuhkan interpreter BISINDO untuk rapat formal jika diperlukan."
K200,Gangguan Spektrum Autisme,"Microservices, Java, Go, Kubernetes","Individu dengan autisme fungsional tinggi (Asperger) yang memiliki kemampuan analitis dan pattern recognition yang sangat baik untuk pekerjaan pengembangan backend dan arsitektur sistem. Latar belakang D3 Manajemen Informatika, menguasai Django dan PostgreSQL secara mendalam. Lebih menyukai komunikasi tertulis dan lingkungan kerja yang terstruktur dengan rutinitas yang konsisten."
K201,Acquired Brain Injury (ABI),"Penanganan Keluhan, Problem Solving, Freshdesk, Live Chat","ABI yang memengaruhi fungsi eksekutif seperti perencanaan dan multitasking. Lulusan S1 Desain Komunikasi Visual, menggunakan aplikasi manajemen tugas (Notion, Trello) dan reminder otomatis untuk mendukung produktivitas di bidang layanan pelanggan. Sangat terampil dalam Freshdesk dan Zendesk dan bekerja terbaik dengan tugas yang terstruktur dan tenggat yang jelas."
K202,Gangguan Pendengaran / Tuli (Tunarungu),"Pandas, Power BI, Machine Learning Dasar, Statistik, R","Gangguan pendengaran total yang diatasi dengan penggunaan BISINDO dan teks digital. Latar belakang S1 Sistem Informasi, sangat kompeten dalam Python dan SQL untuk bidang analisis data dan business intelligence. Lebih menyukai komunikasi via Slack, email, atau dokumen tertulis dan dapat berkontribusi penuh dalam tim yang inklusif."
K203,Acquired Brain Injury (ABI),"SQL, Statistik, Tableau, Pandas, Machine Learning Dasar","ABI yang memengaruhi fungsi eksekutif seperti perencanaan dan multitasking. Lulusan D4 Rekayasa Perangkat Lunak, menggunakan aplikasi manajemen tugas (Notion, Trello) dan reminder otomatis untuk mendukung produktivitas di bidang analisis data dan business intelligence. Sangat terampil dalam R dan Excel dan bekerja terbaik dengan tugas yang terstruktur dan tenggat yang jelas."
K204,Gangguan Penglihatan (Tunanetra),"Firewall, Penetration Testing, ISO 27001, Ethical Hacking",Mengalami gangguan penglihatan sejak usia muda dan kini bekerja mandiri di bidang jaringan komputer dan infrastruktur IT menggunakan screen reader dan perangkat braille. Latar belakang pendidikan D4 Rekayasa Perangkat Lunak yang ditempuh secara inklusif. Sangat produktif dalam pekerjaan berbasis teks dan data menggunakan Cisco dan MikroTik.
K205,Acquired Brain Injury (ABI),"Jenkins, Azure, Terraform","Penyandang ABI pasca operasi tumor otak yang mengalami pemulihan signifikan. Lulusan D3 Manajemen Informatika, kompeten dalam AWS dan Terraform untuk bidang DevOps dan cloud infrastructure dengan adaptasi penggunaan reminder dan checklist digital. Sangat cocok untuk posisi yang memiliki struktur kerja jelas dan tidak memerlukan respons instan dalam situasi darurat."
K206,Gangguan Spektrum Autisme,"Freshdesk, Live Chat, Empati, Penanganan Keluhan, Problem Solving","Gangguan Spektrum Autisme dengan kecenderungan hiperfokus pada bidang teknologi dan layanan pelanggan. Lulusan D3 Administrasi Bisnis, sangat terampil dalam software CRM dan terus mengembangkan keahlian secara mandiri. Membutuhkan ruang kerja yang tenang dan komunikasi yang eksplisit tanpa ambiguitas."
K207,Gangguan Mental / Psikososial,"Email Marketing, Copywriting, Facebook Ads","Individu dengan gangguan psikososial yang kini dalam kondisi stabil dan siap kembali ke dunia kerja di bidang pemasaran digital. Latar belakang S1 Manajemen, kompeten dalam Google Ads dan Meta Ads. Sangat cocok untuk posisi yang tidak mensyaratkan tekanan kerja tinggi dan memungkinkan fleksibilitas pendekatan penyelesaian tugas."
K208,Gangguan Daksa Tangan,"Proofreading, Bahasa Inggris, Bahasa Jepang, Bahasa Mandarin, Lokalisasi, SDL Trados","Keterbatasan fungsi tangan sejak lahir yang tidak menghalangi karir profesional di bidang penerjemahan dan lokalisasi. Lulus dari S1 Ekonomi, menggunakan keyboard satu tangan dan foot mouse sebagai alat bantu. Menguasai platform penerjemahan profesional dengan baik dan terbukti produktif di berbagai lingkungan kerja."
K209,Gangguan Daksa Tangan,"Design System, Canva, User Research, Prototyping","Penyandang gangguan daksa tangan kanan yang telah mengembangkan adaptasi bekerja menggunakan tangan kiri yang dominan dan perangkat bantu ergonomis. Latar belakang D3 Manajemen Informatika, kompeten dalam Figma dan Prototyping Tools untuk bidang desain antarmuka pengguna. Membutuhkan setup meja kerja yang fleksibel dan mouse yang dapat disesuaikan."
K210,Gangguan Spektrum Autisme,"Sketch, InVision, Design System","Penyandang Gangguan Spektrum Autisme (GSA) fungsional tinggi dengan kemampuan hiperfokus dan perhatian terhadap detail yang luar biasa di bidang desain antarmuka pengguna. Lulusan S1 Teknik Komputer, sangat terampil dalam Figma dan Adobe XD. Bekerja paling optimal di lingkungan yang tenang, minim gangguan sensorik, dan memiliki ekspektasi tugas yang jelas dan tidak ambigu."
K211,Gangguan Mental / Psikososial,"Pelatihan SDM, LinkedIn Recruiter, Manajemen Kinerja, Rekrutmen, HRIS, Hubungan Industrial","Memiliki kondisi bipolar tipe II yang telah stabil dengan pengobatan. Lulusan S1 Akuntansi, sangat produktif dalam periode stabil untuk pekerjaan manajemen sumber daya manusia. Terampil dalam sistem manajemen kinerja dan bekerja paling baik dengan kebijakan kerja fleksibel yang mengakomodasi kebutuhan manajemen kondisi kesehatan."
K212,Gangguan Bicara (Tunawicara),"AWS, GCP, Jenkins, Docker, Linux","Penyandang tunawicara yang mengandalkan komunikasi tertulis digital untuk seluruh koordinasi kerja. Latar belakang S1 Teknik Informatika, ahli dalam Docker dan Kubernetes untuk bidang pengembangan backend dan arsitektur sistem. Sangat produktif dalam lingkungan remote maupun kantor yang mengutamakan komunikasi asinkron melalui platform digital."
K213,Gangguan Intelektual,"Microsoft Office, Manajemen Jadwal, Google Workspace, Surat Menyurat, Pengarsipan","Mengalami gangguan intelektual ringan dan bekerja paling efektif pada tugas-tugas yang terstruktur, berulang, dan memiliki instruksi yang jelas. Lulusan S1 Akuntansi dengan dukungan program pendidikan inklusif. Terampil dalam sistem pengarsipan digital untuk bidang administrasi perkantoran dan sangat dapat diandalkan dalam menyelesaikan tugas rutin dengan supervisi minimal."
K214,Gangguan Intelektual,"SEO Writing, Penulisan Konten, WordPress, CapCut, Copywriting","Mengalami gangguan intelektual ringan dan bekerja paling efektif pada tugas-tugas yang terstruktur, berulang, dan memiliki instruksi yang jelas. Lulusan S1 Ekonomi dengan dukungan program pendidikan inklusif. Terampil dalam tools SEO dan analitik media sosial untuk bidang pemasaran digital dan sangat dapat diandalkan dalam menyelesaikan tugas rutin dengan supervisi minimal."
K215,Gangguan Penglihatan (Tunanetra),"Microsoft Word, Ketelitian Data, Pengetikan Cepat, Google Sheets, Microsoft Excel",Lulusan S1 Desain Komunikasi Visual yang bekerja sepenuhnya menggunakan screen reader NVDA dan JAWS untuk mengoperasikan komputer dalam pekerjaan entri data dan pengelolaan database. Sangat terampil dalam Microsoft Excel dan Google Sheets yang diakses melalui antarmuka berbasis keyboard dan teknologi bantu. Membutuhkan perangkat lunak aksesibilitas yang terpasang di workstation dan dokumentasi yang tersedia dalam format digital yang dapat dibaca screen reader.
K216,Gangguan Bicara (Tunawicara),"Azure, Ansible, Kubernetes","Penyandang tunawicara yang mengandalkan komunikasi tertulis digital untuk seluruh koordinasi kerja. Latar belakang S1 Ilmu Komputer, ahli dalam Docker dan Kubernetes untuk bidang pengembangan backend dan arsitektur sistem. Sangat produktif dalam lingkungan remote maupun kantor yang mengutamakan komunikasi asinkron melalui platform digital."
K217,Gangguan Bicara (Tunawicara),"Jetpack Compose, React Native, SQLite, Android, Firebase, Kotlin",Tunawicara yang berkomunikasi menggunakan text-to-speech dan teks tertulis. Latar belakang D4 Rekayasa Perangkat Lunak dengan keahlian mendalam dalam Firebase dan SQLite untuk bidang pengembangan aplikasi mobile. Lebih efektif dalam lingkungan kerja yang tidak mensyaratkan presentasi verbal tatap muka secara intensif.
K218,Gangguan Pendengaran / Tuli (Tunarungu),"Pengetikan Cepat, Ketelitian Data, Spreadsheet, Microsoft Excel","Mengalami ketulian akibat infeksi pada usia dini dan kini sangat efektif bekerja melalui komunikasi tertulis, email, dan pesan chat. Lulus dari D3 Sekretaris dan ahli di bidang entri data dan pengelolaan database menggunakan Microsoft Excel dan Google Sheets. Mampu berpartisipasi dalam rapat melalui teks atau dengan dukungan subtitle otomatis."
K219,Gangguan Daksa Kaki,"Canva, Motion Graphics, Adobe Illustrator, Desain Visual, CorelDRAW, Branding","Mengalami kelumpuhan kaki akibat polio dan menggunakan kursi roda listrik untuk mobilitas. Lulusan S1 Manajemen, sangat kompeten dalam Sketch dan InVision untuk pekerjaan desain antarmuka pengguna. Bekerja paling efektif di kantor dengan fasilitas aksesibel atau secara remote penuh."
K220,Gangguan Pendengaran / Tuli (Tunarungu),"Notulensi, Administrasi Perkantoran, Surat Menyurat, Microsoft Office, Google Workspace, Pengarsipan","Gangguan pendengaran total yang diatasi dengan penggunaan BISINDO dan teks digital. Latar belakang S1 Bahasa Inggris, sangat kompeten dalam sistem pengarsipan digital untuk bidang administrasi perkantoran. Lebih menyukai komunikasi via Slack, email, atau dokumen tertulis dan dapat berkontribusi penuh dalam tim yang inklusif."
K221,Acquired Brain Injury (ABI),"Laravel, CSS, JavaScript, REST API","Mengalami cedera otak akibat kecelakaan lalu lintas yang memengaruhi memori jangka pendek, namun kemampuan teknis di bidang pengembangan web tetap terjaga. Lulusan D3 Manajemen Informatika, terampil dalam HTML/CSS dan JavaScript. Bekerja menggunakan alat bantu seperti reminder digital, catatan terstruktur, dan aplikasi manajemen tugas untuk mengkompensasi keterbatasan memori."
K222,Gangguan Daksa Kaki,"Wireframing, Figma, Prototyping, User Research, Sketch","Mengalami kelumpuhan kaki akibat polio dan menggunakan kursi roda listrik untuk mobilitas. Lulusan S1 Matematika (konsentrasi komputasi), sangat kompeten dalam Figma dan Adobe XD untuk pekerjaan desain antarmuka pengguna. Bekerja paling efektif di kantor dengan fasilitas aksesibel atau secara remote penuh."
K223,Gangguan Bicara (Tunawicara),"SDL Trados, Bahasa Mandarin, Proofreading, Bahasa Jepang","Mengalami gangguan bicara berat namun sangat komunikatif melalui tulisan, pesan teks, dan email. Lulusan S1 Marketing yang berpengalaman di bidang penerjemahan dan lokalisasi menggunakan platform penerjemahan profesional. Pekerjaan berbasis teks sangat cocok; dapat berpartisipasi dalam rapat menggunakan fitur chat atau menggunakan aplikasi text-to-speech bila diperlukan."
K224,Gangguan Pendengaran / Tuli (Tunarungu),"Jenkins, Terraform, AWS, GCP","Tunarungu yang sangat terampil dalam bidang DevOps dan cloud infrastructure dengan latar belakang D3 Manajemen Informatika. Menggunakan closed caption dan subtitle otomatis dalam rapat video, serta mengandalkan komunikasi tertulis untuk koordinasi harian. Keahlian AWS dan Terraform telah terbukti dalam pengalaman kerja sebelumnya."
K225,Gangguan Daksa Tangan,"Docker, Terraform, Jenkins, Azure, GCP, Ansible","Penyandang gangguan daksa tangan kanan yang telah mengembangkan adaptasi bekerja menggunakan tangan kiri yang dominan dan perangkat bantu ergonomis. Latar belakang S1 Sistem Informasi, kompeten dalam Django dan PostgreSQL untuk bidang pengembangan backend dan arsitektur sistem. Membutuhkan setup meja kerja yang fleksibel dan mouse yang dapat disesuaikan."
K226,Gangguan Penglihatan (Tunanetra),"Data Cleaning, Power BI, R",Mengalami gangguan penglihatan sejak usia muda dan kini bekerja mandiri di bidang analisis data dan business intelligence menggunakan screen reader dan perangkat braille. Latar belakang pendidikan S1 Matematika (konsentrasi komputasi) yang ditempuh secara inklusif. Sangat produktif dalam pekerjaan berbasis teks dan data menggunakan Python dan SQL.
K227,Gangguan Pendengaran / Tuli (Tunarungu),"Dart, SQLite, React Native","Tunarungu yang sangat terampil dalam bidang pengembangan aplikasi mobile dengan latar belakang D3 Manajemen Informatika. Menggunakan closed caption dan subtitle otomatis dalam rapat video, serta mengandalkan komunikasi tertulis untuk koordinasi harian. Keahlian React Native telah terbukti dalam pengalaman kerja sebelumnya."
K228,Gangguan Spektrum Autisme,"Content Creation, Analitik Media Sosial, Copywriting, Google Ads, Email Marketing","Penyandang GSA yang telah berkarir sukses di bidang pemasaran digital berkat kemampuan analitis yang kuat dan dedikasi terhadap akurasi. Latar belakang S1 Desain Komunikasi Visual, menguasai tools SEO dan analitik media sosial. Bekerja paling efektif dengan panduan tugas tertulis yang detail dan feedback yang langsung serta spesifik."
K229,Gangguan Penglihatan (Tunanetra),"MySQL, Vue.js, REST API",Penyandang low vision yang menggunakan ZoomText dan pengaturan kontras tinggi pada monitor berukuran besar untuk bekerja di bidang pengembangan web. Lulusan S1 Teknik Komputer dengan keahlian React dan Node.js yang terverifikasi. Membutuhkan monitor minimal 27 inci dan software pembesaran layar yang terinstal di workstation.
K230,Acquired Brain Injury (ABI),"WMS, Microsoft Excel, Manajemen Gudang, Perencanaan Distribusi","ABI yang memengaruhi fungsi eksekutif seperti perencanaan dan multitasking. Lulusan S1 Akuntansi, menggunakan aplikasi manajemen tugas (Notion, Trello) dan reminder otomatis untuk mendukung produktivitas di bidang entri data dan pengelolaan database. Sangat terampil dalam Microsoft Excel dan Google Sheets dan bekerja terbaik dengan tugas yang terstruktur dan tenggat yang jelas."
K231,Acquired Brain Injury (ABI),"Pelatihan SDM, LinkedIn Recruiter, HRIS","Penyandang ABI pasca operasi tumor otak yang mengalami pemulihan signifikan. Lulusan S1 Psikologi, kompeten dalam platform rekrutmen digital untuk bidang manajemen sumber daya manusia dengan adaptasi penggunaan reminder dan checklist digital. Sangat cocok untuk posisi yang memiliki struktur kerja jelas dan tidak memerlukan respons instan dalam situasi darurat."
K232,Gangguan Bicara (Tunawicara),"FastAPI, Django, Go","Mengalami gangguan bicara berat namun sangat komunikatif melalui tulisan, pesan teks, dan email. Lulusan S1 Teknik Komputer yang berpengalaman di bidang pengembangan backend dan arsitektur sistem menggunakan Docker dan Kubernetes. Pekerjaan berbasis teks sangat cocok; dapat berpartisipasi dalam rapat menggunakan fitur chat atau menggunakan aplikasi text-to-speech bila diperlukan."
K233,Acquired Brain Injury (ABI),"Branding, Desain Visual, Motion Graphics, Tipografi, Adobe Illustrator","Cedera otak yang diperoleh akibat infeksi meningitis yang memengaruhi kecepatan pemrosesan informasi. Latar belakang S1 Marketing, terampil dalam Adobe Photoshop dan Illustrator untuk bidang desain grafis. Membutuhkan lebih banyak waktu untuk menyelesaikan tugas kompleks, namun menghasilkan output yang akurat dan berkualitas tinggi."
K234,Gangguan Daksa Kaki,"Copywriting, YouTube, Instagram, CapCut","Penyandang tunadaksa kaki dengan kaki prostetik yang memungkinkan mobilitas mandiri. Latar belakang D3 Akuntansi, terampil dalam Google Ads dan Meta Ads untuk bidang pemasaran digital. Membutuhkan akses parkir khusus disabilitas dan jalur yang rata atau berslope di gedung kantor."
K235,Gangguan Penglihatan (Tunanetra),"HRIS, Manajemen Kinerja, Hubungan Industrial",Lulusan S1 Marketing yang bekerja sepenuhnya menggunakan screen reader NVDA dan JAWS untuk mengoperasikan komputer dalam pekerjaan manajemen sumber daya manusia. Sangat terampil dalam software HRIS yang diakses melalui antarmuka berbasis keyboard dan teknologi bantu. Membutuhkan perangkat lunak aksesibilitas yang terpasang di workstation dan dokumentasi yang tersedia dalam format digital yang dapat dibaca screen reader.
K236,Gangguan Pendengaran / Tuli (Tunarungu),"Kubernetes, Go, Java, Microservices, PostgreSQL, Django","Tunarungu total sejak lahir dan berkomunikasi menggunakan Bahasa Isyarat Indonesia (BISINDO) serta teks tertulis. Lulusan D3 Manajemen Informatika yang sangat terampil dalam FastAPI dan Redis untuk pekerjaan pengembangan backend dan arsitektur sistem. Pekerjaan berbasis teks, email, dan platform pesan sangat sesuai; membutuhkan interpreter BISINDO untuk rapat formal jika diperlukan."
K237,Gangguan Daksa Kaki,"Tipografi, Adobe Illustrator, Desain Visual, Branding","Penyandang tunadaksa kaki dengan kaki prostetik yang memungkinkan mobilitas mandiri. Latar belakang S1 Hubungan Internasional, terampil dalam Canva dan CorelDRAW untuk bidang desain grafis. Membutuhkan akses parkir khusus disabilitas dan jalur yang rata atau berslope di gedung kantor."
K238,Gangguan Penglihatan (Tunanetra),"Azure, Kubernetes, Docker, Ansible","Tunanetra bawaan yang berpengalaman di bidang pengembangan backend dan arsitektur sistem menggunakan teknologi asistif seperti NVDA dan display braille. Lulusan S1 Teknik Elektro, terbiasa menggunakan Spring Boot dan Java melalui shortcut keyboard tanpa ketergantungan pada tampilan visual. Cocok bekerja secara remote maupun di kantor yang mendukung aksesibilitas digital."
K239,Gangguan Penglihatan (Tunanetra),"SEO, Email Marketing, Google Ads, Digital Marketing",Penyandang low vision yang menggunakan ZoomText dan pengaturan kontras tinggi pada monitor berukuran besar untuk bekerja di bidang pemasaran digital. Lulusan S1 Komunikasi dengan keahlian Google Ads dan Meta Ads yang terverifikasi. Membutuhkan monitor minimal 27 inci dan software pembesaran layar yang terinstal di workstation.
K240,Gangguan Bicara (Tunawicara),"Redis, Python, Django","Mengalami gangguan bicara berat namun sangat komunikatif melalui tulisan, pesan teks, dan email. Lulusan D4 Rekayasa Perangkat Lunak yang berpengalaman di bidang analisis data dan business intelligence menggunakan Python dan SQL. Pekerjaan berbasis teks sangat cocok; dapat berpartisipasi dalam rapat menggunakan fitur chat atau menggunakan aplikasi text-to-speech bila diperlukan."
K241,Gangguan Penglihatan (Tunanetra),"SEO Writing, CapCut, Copywriting, Penulisan Konten, Editing Video, WordPress","Tunanetra bawaan yang berpengalaman di bidang pemasaran digital menggunakan teknologi asistif seperti NVDA dan display braille. Lulusan S1 Marketing, terbiasa menggunakan platform email marketing melalui shortcut keyboard tanpa ketergantungan pada tampilan visual. Cocok bekerja secara remote maupun di kantor yang mendukung aksesibilitas digital."
K242,Gangguan Bicara (Tunawicara),"Google Classroom, E-Learning, Moodle","Penyandang tunawicara yang mengandalkan komunikasi tertulis digital untuk seluruh koordinasi kerja. Latar belakang S1 Psikologi, ahli dalam Moodle dan Google Classroom untuk bidang pendidikan dan pelatihan. Sangat produktif dalam lingkungan remote maupun kantor yang mengutamakan komunikasi asinkron melalui platform digital."
K243,Gangguan Spektrum Autisme,"Microsoft Excel, Pengetikan Cepat, Accurate, Ketelitian Data","Autisme spektrum level 1 dengan keunggulan dalam pemikiran sistematis dan konsistensi kerja di bidang entri data dan pengelolaan database. Lulusan S1 Komunikasi, sangat produktif menggunakan software entri data perusahaan dalam tugas-tugas yang membutuhkan presisi tinggi. Membutuhkan lingkungan kerja yang tidak terlalu padat secara sosial dan memiliki struktur yang jelas."
K244,Gangguan Daksa Tangan,"Kriptografi, OWASP, Metasploit","Penyandang gangguan daksa pada tangan kiri akibat kecelakaan dan kini bekerja penuh menggunakan satu tangan dengan keyboard adaptif. Latar belakang D4 Rekayasa Perangkat Lunak, ahli dalam Nmap dan Metasploit untuk bidang keamanan siber. Tidak memerlukan asisten khusus, hanya butuh workstation ergonomis yang dapat disesuaikan."
K245,Gangguan Daksa Kaki,"Spreadsheet, Microsoft Excel, Microsoft Word","Gangguan daksa kaki (amputasi di bawah lutut) yang diatasi dengan penggunaan kaki prostetik berteknologi modern. Latar belakang S1 Hubungan Internasional, menguasai software entri data perusahaan untuk bidang entri data dan pengelolaan database. Mampu bekerja di kantor dengan akses aksesibel maupun dari rumah tanpa perbedaan produktivitas."
K246,Gangguan Penglihatan (Tunanetra),"Google Data Studio, NumPy, Tableau","Tunanetra bawaan yang berpengalaman di bidang analisis data dan business intelligence menggunakan teknologi asistif seperti NVDA dan display braille. Lulusan S1 Matematika (konsentrasi komputasi), terbiasa menggunakan Python dan SQL melalui shortcut keyboard tanpa ketergantungan pada tampilan visual. Cocok bekerja secara remote maupun di kantor yang mendukung aksesibilitas digital."
K247,Gangguan Daksa Kaki,"Komunikasi, CRM, Problem Solving, Empati",Pengguna kursi roda akibat cedera tulang belakang yang tetap aktif berkarir di bidang layanan pelanggan. Lulusan D3 Akuntansi yang sangat terampil dalam platform live chat dan helpdesk. Memerlukan meja kerja adjustable height dan jalur aksesibel di seluruh area kantor untuk mobilitas optimal.
K248,Gangguan Bicara (Tunawicara),"Firewall, Nmap, Ethical Hacking, SIEM, Penetration Testing, ISO 27001","Penyandang tunawicara yang mengandalkan komunikasi tertulis digital untuk seluruh koordinasi kerja. Latar belakang D3 Teknik Informatika, ahli dalam Linux dan Firewall tools untuk bidang jaringan komputer dan infrastruktur IT. Sangat produktif dalam lingkungan remote maupun kantor yang mengutamakan komunikasi asinkron melalui platform digital."
K249,Acquired Brain Injury (ABI),"Hubungan Industrial, Payroll, Manajemen Kinerja, Rekrutmen, LinkedIn Recruiter","Acquired Brain Injury akibat stroke yang telah menjalani rehabilitasi intensif selama 18 bulan. Latar belakang S1 Desain Komunikasi Visual, kini mampu kembali bekerja di bidang manajemen sumber daya manusia menggunakan sistem manajemen kinerja. Membutuhkan lingkungan kerja dengan tempo yang fleksibel, tugas yang dipecah menjadi langkah-langkah kecil, dan tidak ada tekanan multitasking berlebihan."
K250,Gangguan Pendengaran / Tuli (Tunarungu),"Pengetikan Cepat, Accurate, Spreadsheet, Microsoft Word, Microsoft Excel","Gangguan pendengaran total yang diatasi dengan penggunaan BISINDO dan teks digital. Latar belakang D3 Akuntansi, sangat kompeten dalam Microsoft Excel dan Google Sheets untuk bidang entri data dan pengelolaan database. Lebih menyukai komunikasi via Slack, email, atau dokumen tertulis dan dapat berkontribusi penuh dalam tim yang inklusif."
